Processes: 397 total, 2 running, 395 sleeping, 2232 threads 
2026/06/28 18:17:30
Load Avg: 1.98, 1.76, 1.77 
CPU usage: 8.65% user, 19.48% sys, 71.86% idle 
SharedLibs: 348M resident, 93M data, 63M linkedit.
MemRegions: 336973 total, 1960M resident, 106M private, 846M shared.
PhysMem: 7524M used (1131M wired, 2605M compressor), 92M unused.
VM: 188T vsize, 6144M framework vsize, 398479(0) swapins, 1032377(0) swapouts.
Networks: packets: 11776710/13G in, 6253678/3109M out.
Disks: 8492510/222G read, 3979247/68G written.

PID    COMMAND          %CPU TIME     #TH   #WQ #PORTS MEM   PURG  CMPRS PGRP  PPID  STATE    BOOSTS       %CPU_ME %CPU_OTHRS UID FAULTS   COW    MSGSENT   MSGRECV   SYSBSD    SYSMACH   CSW       PAGEINS IDLEW    POWER INSTRS CYCLES JETPRI USER                   #MREGS RPRVT VPRVT VSIZE KPRVT KSHRD
49012  top              0.0  00:00.29 1/1   0   16     3536K 0B    0B    49008 49008 running  *0[1]        0.00000 0.00000    0   897      69     702802    351400    2153      354884    78        9       0        0.0   0      0      180    root                   N/A    N/A   N/A   N/A   N/A   N/A  
49011  ReportMemoryExce 0.0  00:00.16 7     4   57     3072K 0B    0B    49011 1     sleeping *3[2]        0.00000 0.00000    269 1576     112    345       297       3954      818       1045      245     0        0.0   0      0      0      _reportmemoryexception N/A    N/A   N/A   N/A   N/A   N/A  
49010  ReportCrash      0.0  00:00.03 4     2   32     1808K 0B    0B    49010 1     sleeping *0[1]        0.00000 0.00000    0   675      99     114       51        361       229       80        80      0        0.0   0      0      0      root                   N/A    N/A   N/A   N/A   N/A   N/A  
49009  XprotectService  0.0  00:00.15 6     4   39     20M   0B    0B    49009 1     sleeping *0[1]        0.00000 0.00000    0   3176     120    137       58        21076     252       145       33      0        0.0   0      0      0      root                   N/A    N/A   N/A   N/A   N/A   N/A  
49008  bash             0.0  00:00.01 1     0   11     1136K 0B    0B    49008 44274 sleeping *0[1]        0.00000 0.00000    501 508      103    87        42        325       184       22        17      0        0.0   0      0      180    manuelosalumbides      N/A    N/A   N/A   N/A   N/A   N/A  
48997  mdworker_shared  0.0  00:00.08 3     1   47     2576K 0B    0B    48997 1     sleeping *0[1]        0.00000 0.00000    501 1200     110    452       196       1018      481       84        13      0        0.0   0      0      0      manuelosalumbides      N/A    N/A   N/A   N/A   N/A   N/A  
48929  logd_helper      0.0  00:00.04 2     1   21     1616K 0B    0B    48929 1     sleeping *0[1]        0.00000 0.00000    0   736      87     97        46        428       174       67        7       0        0.0   0      0      0      root                   N/A    N/A   N/A   N/A   N/A   N/A  
48764  mdworker_shared  0.0  00:00.09 4     1   49     3248K 0B    2768K 48764 1     sleeping *0[1]        0.00000 0.00000    501 1573     113    461       200       1041      496       124       19      0        0.0   0      0      0      manuelosalumbides      N/A    N/A   N/A   N/A   N/A   N/A  
48598  online-auth-agen 0.0  00:00.03 2     1   23     2080K 0B    1792K 48598 1     sleeping *1[1]        0.00000 0.00000    0   676      98     125       57        512       230       67        32      0        0.0   0      0      0      root                   N/A    N/A   N/A   N/A   N/A   N/A  
48597  usermanagerd     0.0  00:00.03 2     1   32     2048K 0B    1792K 48597 1     sleeping *0[26]       0.00000 0.00000    0   681      88     140       75        636       272       200       51      0        0.0   0      0      0      root                   N/A    N/A   N/A   N/A   N/A   N/A  
48596  syncdefaultsd    0.0  00:00.20 3     2   116    5520K 0B    5184K 48596 1     sleeping *0[1]        0.00000 0.00000    501 1853     125    575       273       5451      1080      1614      133     0        0.0   0      0      0      manuelosalumbides      N/A    N/A   N/A   N/A   N/A   N/A  
48595  CommCenter       0.0  00:00.19 7     3   146    5905K 0B    2688K 48595 1     sleeping *0[1]        0.00000 0.00000    501 3379     148    550       190       5233      1334      1413      1116    2        0.0   0      0      0      manuelosalumbides      N/A    N/A   N/A   N/A   N/A   N/A  
48589  analyticsagent   0.0  00:00.14 2     1   49     2880K 0B    2528K 48589 1     sleeping  0[0]        0.00000 0.00000    501 1223     101    181       58        681       346       137       44      0        0.0   0      0      0      manuelosalumbides      N/A    N/A   N/A   N/A   N/A   N/A  
48534  zsh              0.0  00:00.28 1     0   22     4464K 0B    4112K 48534 48528 sleeping *0[1]        0.00000 0.00000    501 5097     907    177       82        189873    334       1379      8       29       0.0   0      0      180    manuelosalumbides      N/A    N/A   N/A   N/A   N/A   N/A  
48533  feedbackd        0.0  00:00.05 2     1   54     2768K 0B    2464K 48533 1     sleeping *1[1]        0.00000 0.00000    501 916      111    238       78        705       364       128       120     0        0.0   0      0      0      manuelosalumbides      N/A    N/A   N/A   N/A   N/A   N/A  
48531  maild            0.0  00:00.09 3     2   43     2944K 0B    2336K 48531 1     sleeping *2[1]        0.00000 0.00000    501 1044     108    153       53        760       288       181       104     2        0.0   0      0      0      manuelosalumbides      N/A    N/A   N/A   N/A   N/A   N/A  
48529  assessmentagent  0.0  00:00.09 2     1   52     3216K 0B    2880K 48529 1     sleeping *0[1]        0.00000 0.00000    501 1163     123    175       57        626       329       190       160     0        0.0   0      0      0      manuelosalumbides      N/A    N/A   N/A   N/A   N/A   N/A  
48528  bash             0.0  00:00.01 1     0   22     1424K 0B    1104K 48528 48464 sleeping *0[1]        0.00000 0.00000    501 478      117    71        30        684       170       82        40      0        0.0   0      0      180    manuelosalumbides      N/A    N/A   N/A   N/A   N/A   N/A  
48527  commerce         0.0  00:00.09 2     1   35     2784K 0B    2464K 48527 1     sleeping *0[1]        0.00000 0.00000    501 1174     102    157       56        673       294       187       76      0        0.0   0      0      0      manuelosalumbides      N/A    N/A   N/A   N/A   N/A   N/A  
48522  powerexperienced 0.0  00:00.06 2     1   42     2864K 0B    1680K 48522 1     sleeping *0[1]        0.00000 0.00000    0   1091     104    251       80        948       357       119       44      0        0.0   0      0      0      root                   N/A    N/A   N/A   N/A   N/A   N/A  
48517  localspeechrecog 0.0  00:00.26 2     1   39     4432K 0B    4064K 48517 1     sleeping  0[0]        0.00000 0.00000    501 1395     125    226       87        1603      402       912       107     0        0.0   0      0      0      manuelosalumbides      N/A    N/A   N/A   N/A   N/A   N/A  
48516  modelcatalogd    0.0  00:00.26 2     1   44     4592K 0B    4208K 48516 1     sleeping *0[1]        0.00000 0.00000    0   1549     134    199       84        2324      338       691       267     0        0.0   0      0      0      root                   N/A    N/A   N/A   N/A   N/A   N/A  
48515  com.apple.Mobile 0.0  00:00.18 2     1   37     3488K 0B    3056K 48515 1     sleeping *0[3]        0.00000 0.00000    0   1365     115    168       64        1198      308       319       52      0        0.0   0      0      0      root                   N/A    N/A   N/A   N/A   N/A   N/A  
48514  mobileassetd     0.0  00:02.70 3     2   67     6880K 0B    4624K 48514 1     sleeping *0[3]        0.00000 0.00000    0   4403     139    1852      1284      37856     4748      4995      1015    0        0.0   0      0      0      root                   N/A    N/A   N/A   N/A   N/A   N/A  
48464  zsh              0.0  00:00.15 1     0   22     4016K 0B    3712K 48464 48463 sleeping *0[1]        0.00000 0.00000    501 4368     870    185       85        23426     367       1763      87      3        0.0   0      0      180    manuelosalumbides      N/A    N/A   N/A   N/A   N/A   N/A  
48463  login            0.0  00:00.01 2     1   32     2624K 0B    2240K 48463 48462 sleeping *0[9]        0.00000 0.00000    0   1052     148    99        41        1233      284       166       55      0        0.0   0      0      180    root                   N/A    N/A   N/A   N/A   N/A   N/A  
48462  Terminal         0.0  00:01.77 8     3   284    47M   0B    21M   48462 1     sleeping  0[54]       0.00000 0.00000    501 22911    348    11372     3114      20838     30900     10841     949     15       0.0   0      0      100    manuelosalumbides      N/A    N/A   N/A   N/A   N/A   N/A  
48461  mdworker_shared  0.0  00:00.19 3     1   47     3184K 0B    1344K 48461 1     sleeping *0[1]        0.00000 0.00000    501 3453     112    950       352       3385      1266      541       115     0        0.0   0      0      0      manuelosalumbides      N/A    N/A   N/A   N/A   N/A   N/A  
48459  Brave Browser He 0.0  00:00.19 11    1   97     25M   0B    22M   41807 41807 sleeping  0[36]       0.00000 0.00000    501 8970     906    378       222       2011      856       2543      3894    0        0.0   0      0      30     manuelosalumbides      N/A    N/A   N/A   N/A   N/A   N/A  
48343  stickersd        0.0  00:00.28 2     1   65     5072K 0B    5008K 48343 1     sleeping *0[2]        0.00000 0.00000    501 1517     125    261       89        4396      840       616       147     1        0.0   0      0      0      manuelosalumbides      N/A    N/A   N/A   N/A   N/A   N/A  
48339  AssetCacheManage 0.0  00:00.04 2     1   23     2144K 0B    1888K 48339 1     sleeping *0[1]        0.00000 0.00000    0   827      87     114       53        566       220       126       7       0        0.0   0      0      0      root                   N/A    N/A   N/A   N/A   N/A   N/A  
48338  colorsyncd       0.0  00:00.04 2     1   31     2144K 0B    1904K 48338 1     sleeping *0[7]        0.00000 0.00000    0   802      85     113       56        536       210       68        3       0        0.0   0      0      0      root                   N/A    N/A   N/A   N/A   N/A   N/A  
48337  com.apple.ColorS 0.0  00:00.01 2     1   27     1664K 0B    1440K 48337 1     sleeping *0[2]        0.00000 0.00000    501 625      85     147       61        447       257       58        2       0        0.0   0      0      0      manuelosalumbides      N/A    N/A   N/A   N/A   N/A   N/A  
48336  colorsync.userag 0.0  00:00.02 2     1   52     2464K 0B    2224K 48336 1     sleeping *0[1]        0.00000 0.00000    501 721      90     188       63        682       362       123       8       0        0.0   0      0      0      manuelosalumbides      N/A    N/A   N/A   N/A   N/A   N/A  
47862  less             0.0  00:00.00 1     0   11     1152K 0B    960K  47861 47861 sleeping *0[1]        0.00000 0.00000    501 278      58     47        23        568       78        24        8       0        0.0   0      0      180    manuelosalumbides      N/A    N/A   N/A   N/A   N/A   N/A  
47861  git              0.0  00:00.01 1     0   11     2016K 0B    1808K 47861 44274 sleeping *0[1]        0.00000 0.00000    501 1159     142    106       46        825       217       31        17      0        0.0   0      0      180    manuelosalumbides      N/A    N/A   N/A   N/A   N/A   N/A  
46901  NFStorageServer  0.0  00:00.04 2     1   29     3024K 0B    2736K 46901 1     sleeping *0[1]        0.00000 0.00000    260 835      98     168       65        744       320       126       27      0        0.0   0      0      0      _applepay              N/A    N/A   N/A   N/A   N/A   N/A  
46900  nfcd             0.0  00:00.20 2     1   55     3152K 0B    2784K 46900 1     sleeping *0[1]        0.00000 0.00000    260 1190     107    1920      926       3751      1692      1038      220     4        0.0   0      0      0      _applepay              N/A    N/A   N/A   N/A   N/A   N/A  
46385  MTLCompilerServi 0.0  00:00.29 2     1   37     17M   0B    17M   46385 1     sleeping *0[8]        0.00000 0.00000    501 4120     285    174       70        1469      345       850       1962    0        0.0   0      0      0      manuelosalumbides      N/A    N/A   N/A   N/A   N/A   N/A  
45979  biomesyncd       0.0  00:00.09 2     1   64     2992K 0B    2720K 45979 1     sleeping *0[1]        0.00000 0.00000    501 1091     115    277       88        1039      444       567       136     0        0.0   0      0      0      manuelosalumbides      N/A    N/A   N/A   N/A   N/A   N/A  
45977  ManagedSettingsA 0.0  00:00.08 2     1   39     2720K 0B    2432K 45977 1     sleeping *0[2]        0.00000 0.00000    501 1171     108    171       69        1461      314       204       117     0        0.0   0      0      0      manuelosalumbides      N/A    N/A   N/A   N/A   N/A   N/A  
45967  less             0.0  00:00.00 1     0   11     1152K 0B    960K  45966 45966 sleeping *0[1]        0.00000 0.00000    501 283      58     47        23        568       78        34        23      0        0.0   0      0      180    manuelosalumbides      N/A    N/A   N/A   N/A   N/A   N/A  
45966  git              0.0  00:00.01 1     0   11     1952K 0B    1744K 45966 44274 sleeping *0[1]        0.00000 0.00000    501 1156     141    106       45        800       217       123       55      0        0.0   0      0      180    manuelosalumbides      N/A    N/A   N/A   N/A   N/A   N/A  
44818  QuickLookUIServi 0.0  00:00.18 3     1   158    5248K 0B    2528K 44818 1     sleeping  0[318]      0.00000 0.00000    501 7444     151    2370      802       4608      6446      2669      31      4        0.0   0      0      0      manuelosalumbides      N/A    N/A   N/A   N/A   N/A   N/A  
44815  com.apple.appkit 0.0  00:01.81 3     1   277    28M   0B    23M   44815 1     sleeping  0[311]      0.00000 0.00000    501 21575    361    16477     7094      44918     23731     14318     6789    6        0.0   0      0      0      manuelosalumbides      N/A    N/A   N/A   N/A   N/A   N/A  
44711  less             0.0  00:00.00 1     0   11     1152K 0B    960K  44710 44710 sleeping *0[1]        0.00000 0.00000    501 259      58     47        23        578       78        16        6       0        0.0   0      0      180    manuelosalumbides      N/A    N/A   N/A   N/A   N/A   N/A  
44710  git              0.0  00:00.02 1     0   11     1728K 0B    1536K 44710 44274 sleeping *0[1]        0.00000 0.00000    501 1117     140    106       46        697       216       59        7       0        0.0   0      0      180    manuelosalumbides      N/A    N/A   N/A   N/A   N/A   N/A  
44628  less             0.0  00:00.00 1     0   11     1152K 0B    960K  44627 44627 sleeping *0[1]        0.00000 0.00000    501 265      58     47        23        573       78        49        14      0        0.0   0      0      180    manuelosalumbides      N/A    N/A   N/A   N/A   N/A   N/A  
44627  git              0.0  00:00.01 1     0   11     1872K 0B    1680K 44627 44274 sleeping *0[1]        0.00000 0.00000    501 1123     140    106       46        729       216       51        9       0        0.0   0      0      180    manuelosalumbides      N/A    N/A   N/A   N/A   N/A   N/A  
44389  kilo             0.0  00:44.01 18    1   72     280M  128K  184M  44389 44242 sleeping *0[1]        0.00000 0.00000    501 149997   77     52725     26456     333223    540191    216770    4019    993      0.0   0      0      180    manuelosalumbides      N/A    N/A   N/A   N/A   N/A   N/A  
44318  Code Helper (Plu 0.0  00:00.37 10    1   65     44M   0B    43M   44205 44284 sleeping *0[1]        0.00000 0.00000    501 16772    98     143       60        8497      550       1914      104     3        0.0   0      0      180    manuelosalumbides      N/A    N/A   N/A   N/A   N/A   N/A  
44284  Code Helper (Plu 0.0  00:01.91 10    1   65     156M  0B    149M  44205 44242 sleeping *0[1]        0.00000 0.00000    501 53968    98     143       61        38263     552       11019     171     2        0.0   0      0      180    manuelosalumbides      N/A    N/A   N/A   N/A   N/A   N/A  
44283  Code Helper (Plu 0.0  00:01.06 10    1   65     80M   0B    79M   44205 44242 sleeping *0[1]        0.00000 0.00000    501 26314    98     140       60        22079     535       7104      152     1        0.0   0      0      180    manuelosalumbides      N/A    N/A   N/A   N/A   N/A   N/A  
44274  zsh              0.0  00:01.25 1     0   22     5072K 0B    1680K 44274 44239 sleeping *0[1]        0.00000 0.00000    501 45452    9777   1437      710       278509    1051      5286      43      57       0.0   0      0      180    manuelosalumbides      N/A    N/A   N/A   N/A   N/A   N/A  
44242  Code Helper (Plu 0.0  00:11.47 31    2   129    277M  0B    223M  44205 44205 sleeping *0[4398]     0.00000 0.00000    501 168609   251    45822     24009     161534    152972    87583     1732    499      0.0   0      0      180    manuelosalumbides      N/A    N/A   N/A   N/A   N/A   N/A  
44241  Code Helper      0.0  00:01.80 26    2   127    33M   0B    23M   44205 44205 sleeping *0[99]       0.00000 0.00000    501 23014    103    8198      328       56938     33816     31156     176     252      0.0   0      0      180    manuelosalumbides      N/A    N/A   N/A   N/A   N/A   N/A  
44240  Code Helper      0.0  00:02.20 24    2   113    102M  0B    88M   44205 44205 sleeping *0[593]      0.00000 0.00000    501 65639    108    4091      2825      42771     14491     18128     166     38       0.0   0      0      180    manuelosalumbides      N/A    N/A   N/A   N/A   N/A   N/A  
44239  Code Helper      0.0  00:08.94 24    2   101    41M   0B    22M   44205 44205 sleeping *0[1058]     0.00000 0.00000    501 36051    105    39207     2281      151616    137664    102000    272     1164     0.0   0      0      180    manuelosalumbides      N/A    N/A   N/A   N/A   N/A   N/A  
44214  Code Helper (Ren 0.0  00:38.30 19    1   281    308M  0B    187M  44205 44205 sleeping *0[30873]    0.00000 0.00000    501 348235   147    191815    119898    280254    398653    184591    3193    387      0.0   0      0      180    manuelosalumbides      N/A    N/A   N/A   N/A   N/A   N/A  
44212  Code Helper      0.0  00:00.86 15    2   103    8449K 0B    4352K 44205 44205 sleeping *0[540]      0.00000 0.00000    501 15042    97     3363      1774      16747     5928      4956      542     39       0.0   0      0      180    manuelosalumbides      N/A    N/A   N/A   N/A   N/A   N/A  
44211  Code Helper      0.0  00:16.88 21    4   210    153M  3888K 19M   44205 44205 sleeping *1[4521]     0.00000 0.00000    501 96882    147    206642    89701     190934    701469    220731    1245    744      0.0   0      0      180    manuelosalumbides      N/A    N/A   N/A   N/A   N/A   N/A  
44210  chrome_crashpad_ 0.0  00:00.01 4     1   34     2785K 0B    2368K 44209 1     sleeping *0[1]        0.00000 0.00000    501 1119     58     72        28        426       221       123       111     0        0.0   0      0      180    manuelosalumbides      N/A    N/A   N/A   N/A   N/A   N/A  
44205  Code             0.0  00:19.43 39    2   564    104M  0B    55M   44205 1     sleeping *0[756]      0.00000 0.00000    501 176072   446    219587    62088     203442    684580    171938    9324    232      0.0   0      0      100    manuelosalumbides      N/A    N/A   N/A   N/A   N/A   N/A  
44192  Brave Browser He 0.0  00:32.29 18    1   258    163M  0B    95M   41807 41807 sleeping  0[13740]    0.00000 0.00000    501 354948   1482   128378    71789     198089    292204    142057    705     164      0.0   0      0      30     manuelosalumbides      N/A    N/A   N/A   N/A   N/A   N/A  
44185  appstoreagent    0.0  00:00.83 3     2   117    9408K 0B    6736K 44185 1     sleeping *0[2]        0.00000 0.00000    501 9628     198    912       283       23179     2134      7324      1262    10       0.0   0      0      0      manuelosalumbides      N/A    N/A   N/A   N/A   N/A   N/A  
44102  QuickLookUIServi 0.0  00:00.26 3     1   158    5280K 0B    2528K 44102 1     sleeping  0[557]      0.00000 0.00000    501 9715     151    3747      1272      6577      10268     3822      5       3        0.0   0      0      0      manuelosalumbides      N/A    N/A   N/A   N/A   N/A   N/A  
44101  com.apple.appkit 0.0  00:01.33 3     1   286    29M   0B    24M   44101 1     sleeping  0[553]      0.00000 0.00000    501 25776    361    12975     5124      37031     23364     11604     903     8        0.0   0      0      0      manuelosalumbides      N/A    N/A   N/A   N/A   N/A   N/A  
43458  DockHelper       0.0  00:00.81 5     3   188    26M   0B    13M   43458 1     sleeping *0[306]      0.00000 0.00000    501 16988    362    6697      2189      14240     16508     8844      69      36       0.0   0      0      0      manuelosalumbides      N/A    N/A   N/A   N/A   N/A   N/A  
42818  ThemeWidgetContr 0.0  00:00.68 5     3   214    19M   0B    11M   42818 1     sleeping  0[789]      0.00000 0.00000    501 15172    255    7924      2474      18630     20711     11160     374     42       0.0   0      0      0      manuelosalumbides      N/A    N/A   N/A   N/A   N/A   N/A  
41863  SpeechSynthesisS 0.0  00:00.01 2     1   26     2016K 0B    1744K 41863 1     sleeping *0[13]       0.00000 0.00000    501 1736     98     261       97        735       495       170       39      0        0.0   0      0      0      manuelosalumbides      N/A    N/A   N/A   N/A   N/A   N/A  
41850  Brave Browser He 0.0  00:05.51 17    1   208    84M   0B    74M   41807 41807 sleeping  0[3597]     0.00000 0.00000    501 79414    939    12477     6903      20392     29479     22690     93      196      0.0   0      0      30     manuelosalumbides      N/A    N/A   N/A   N/A   N/A   N/A  
41846  Brave Browser He 0.0  08:43.17 19    1   227    394M  0B    57M   41807 41807 sleeping *11189[1783] 0.00000 0.00000    501 1919637  19653  1027136   573168    1832668   2116514   883010    958     2250     0.0   0      0      180    manuelosalumbides      N/A    N/A   N/A   N/A   N/A   N/A  
41845  com.apple.Safari 0.0  00:00.75 4     2   230    12M   0B    7616K 41845 1     sleeping *1316[5]     0.00000 0.00000    501 15915    263    10291     4671      22165     30468     11104     502     17       0.0   0      0      40     manuelosalumbides      N/A    N/A   N/A   N/A   N/A   N/A  
41834  Brave Browser He 0.0  03:12.75 18    1   161    107M  0B    103M  41807 41807 sleeping  0[62503]    0.00000 0.00000    501 586216   2654   469507    259859    648431    811741    390205    431     2748     0.0   0      0      30     manuelosalumbides      N/A    N/A   N/A   N/A   N/A   N/A  
41833  Brave Browser He 0.0  00:00.87 12    1   321    23M   0B    19M   41807 41807 sleeping *0[793]      0.00000 0.00000    501 21117    955    8097      3354      9825      30917     11559     92      54       0.0   0      0      180    manuelosalumbides      N/A    N/A   N/A   N/A   N/A   N/A  
41832  Brave Browser He 0.0  00:04.46 12    1   195    23M   0B    19M   41807 41807 sleeping *0[474]      0.00000 0.00000    501 19396    962    7526      2931      187736    103132    43890     70      237      0.0   0      0      180    manuelosalumbides      N/A    N/A   N/A   N/A   N/A   N/A  
41830  Brave Browser He 0.0  00:02.43 16    1   190    34M   0B    25M   41807 41807 sleeping  0[23184]    0.00000 0.00000    501 36242    914    29810     26765     53742     85940     38555     21      49       0.0   0      0      30     manuelosalumbides      N/A    N/A   N/A   N/A   N/A   N/A  
41826  Brave Browser He 0.0  02:16.39 20    1   503    371M  0B    321M  41807 41807 sleeping *2062[629]   0.00000 0.00000    501 1507309  3861   473699    277728    740438    905783    466186    290     1589     0.0   0      0      180    manuelosalumbides      N/A    N/A   N/A   N/A   N/A   N/A  
41825  Brave Browser He 0.0  03:35.62 20    1   287    393M  0B    271M  41807 41807 sleeping  0[53361]    0.00000 0.00000    501 1140482  2455   471932    233100    1330040   1273762   1105313   510     6090     0.0   0      0      30     manuelosalumbides      N/A    N/A   N/A   N/A   N/A   N/A  
41818  Brave Browser He 0.0  00:02.00 18    1   206    83M   0B    68M   41807 41807 sleeping *16[825]     0.00000 0.00000    501 77320    929    12693     7339      22500     45878     21857     269     29       0.0   0      0      180    manuelosalumbides      N/A    N/A   N/A   N/A   N/A   N/A  
41817  Brave Browser He 0.0  00:12.41 17    1   188    196M  0B    170M  41807 41807 sleeping *450[2281]   0.00000 0.00000    501 200842   1442   35497     21122     65820     78994     51551     76      89       0.0   0      0      180    manuelosalumbides      N/A    N/A   N/A   N/A   N/A   N/A  
41815  Brave Browser He 0.0  00:02.08 10    1   87     22M   0B    18M   41807 41807 sleeping *0[8367]     0.00000 0.00000    501 19590    1498   38608     14462     36273     81774     29977     37      74       0.0   0      0      180    manuelosalumbides      N/A    N/A   N/A   N/A   N/A   N/A  
41814  Brave Browser He 0.0  00:29.78 17    2   156    38M   0B    21M   41807 41807 sleeping *11569[103]  0.00000 0.00000    501 119665   927    256107    120273    744986    482103    275071    505     871      0.0   0      0      180    manuelosalumbides      N/A    N/A   N/A   N/A   N/A   N/A  
41813  Brave Browser He 0.0  03:49.92 22    6   347    427M  26M   55M   41807 41807 sleeping *1[19469]    0.00000 0.00000    501 1171505  957    3547913   1326394   2479846   9346424   2530553   1636    12191    0.0   0      0      180    manuelosalumbides      N/A    N/A   N/A   N/A   N/A   N/A  
41809  chrome_crashpad_ 0.0  00:00.03 4     1   34     2817K 0B    2416K 41808 1     sleeping *0[1]        0.00000 0.00000    501 1548     58     73        29        607       226       138       122     0        0.0   0      0      180    manuelosalumbides      N/A    N/A   N/A   N/A   N/A   N/A  
41807  Brave Browser    0.0  03:29.49 47    2   966    232M  0B    109M  41807 1     sleeping *0[39087]    0.00000 0.00000    501 1179239  2550   4137631   924525    2739200   10113692  1894002   13897   2363     0.0   0      0      100    manuelosalumbides      N/A    N/A   N/A   N/A   N/A   N/A  
41679  PerfPowerService 0.0  00:30.81 6     3   488    12M   0B    5824K 41679 1     sleeping *0[448]      0.00000 0.00000    0   40382    156    760896    401417    326864    492494    190235    952     24       0.0   0      0      180    root                   N/A    N/A   N/A   N/A   N/A   N/A  
41358  SafariBookmarksS 0.0  00:00.24 2     1   87     5568K 0B    5344K 41358 1     sleeping *0[1]        0.00000 0.00000    501 3340     140    372       160       8374      1024      1878      527     0        0.0   0      0      0      manuelosalumbides      N/A    N/A   N/A   N/A   N/A   N/A  
41357  keybagd          0.0  00:00.03 2     1   42     2000K 0B    1776K 41357 1     sleeping *0[1]        0.00000 0.00000    0   827      88     200       74        582       330       223       10      0        0.0   0      0      0      root                   N/A    N/A   N/A   N/A   N/A   N/A  
41356  extensionkitserv 0.0  00:00.29 2     1   46     3680K 0B    3344K 41356 1     sleeping *0[17]       0.00000 0.00000    501 5853     112    627       200       10712     1521      1821      45      2        0.0   0      0      0      manuelosalumbides      N/A    N/A   N/A   N/A   N/A   N/A  
41344  studentd         0.0  00:00.74 4     2   181    9281K 0B    6800K 41344 1     sleeping *0[1]        0.00000 0.00000    501 14260    214    2259      1237      17997     8409      5647      792     4        0.0   0      0      0      manuelosalumbides      N/A    N/A   N/A   N/A   N/A   N/A  
41331  managedcorespotl 0.0  00:00.76 4     2   54     7089K 0B    6064K 41331 1     sleeping *0[76]       0.00000 0.00000    501 15958    150    3698      2147      46886     6394      17342     241     3        0.0   0      0      0      manuelosalumbides      N/A    N/A   N/A   N/A   N/A   N/A  
41328  aned             0.0  00:00.30 2     1   71     3552K 0B    3200K 41328 1     sleeping *0[36]       0.00000 0.00000    0   12442    147    1829      960       8132      3080      2109      570     4        0.0   0      0      0      root                   N/A    N/A   N/A   N/A   N/A   N/A  
41305  SoftwareUpdateNo 0.0  00:00.81 3     1   174    7249K 0B    4240K 41305 1     sleeping *0[1]        0.00000 0.00000    501 18085    183    6960      2247      16206     21857     12374     253     5        0.0   0      0      0      manuelosalumbides      N/A    N/A   N/A   N/A   N/A   N/A  
41298  dmd              0.0  00:00.28 2     1   63     5072K 0B    4768K 41298 1     sleeping *0[51]       0.00000 0.00000    501 4314     120    344       200       3579      1065      1895      291     0        0.0   0      0      0      manuelosalumbides      N/A    N/A   N/A   N/A   N/A   N/A  
41297  ScreenTimeAgent  0.0  00:00.38 2     1   124    6304K 0B    4144K 41297 1     sleeping *0[16]       0.00000 0.00000    501 6854     163    703       295       5537      1982      2769      436     1        0.0   0      0      0      manuelosalumbides      N/A    N/A   N/A   N/A   N/A   N/A  
41295  assistant_cdmd   0.0  00:03.20 2     1   62     5056K 0B    4688K 41295 1     sleeping *0[445]      0.00000 0.00000    501 10082    148    8112      6684      207766    19103     22582     1220    1        0.0   0      0      0      manuelosalumbides      N/A    N/A   N/A   N/A   N/A   N/A  
41287  nbagent          0.0  00:01.05 3     1   182    9505K 0B    6240K 41287 1     sleeping *0[992]      0.00000 0.00000    501 19376    204    9716      3456      19275     26868     15741     984     12       0.0   0      0      0      manuelosalumbides      N/A    N/A   N/A   N/A   N/A   N/A  
41278  itunescloudd     0.0  00:00.71 3     2   82     6448K 0B    3888K 41278 1     sleeping *0[17]       0.00000 0.00000    501 12389    155    1386      353       9129      2667      5746      722     16       0.0   0      0      0      manuelosalumbides      N/A    N/A   N/A   N/A   N/A   N/A  
41274  mapssyncd        0.0  00:00.47 2     1   65     6352K 0B    6176K 41274 1     sleeping *0[3]        0.00000 0.00000    501 3247     119    364       178       8087      1335      2502      97      0        0.0   0      0      0      manuelosalumbides      N/A    N/A   N/A   N/A   N/A   N/A  
41230  sandboxd         0.0  00:00.06 2     1   31     2464K 0B    2208K 41230 1     sleeping *0[1]        0.00000 0.00000    0   1786     93     211       74        1278      515       320       82      0        0.0   0      0      0      root                   N/A    N/A   N/A   N/A   N/A   N/A  
41221  tipsd            0.0  00:00.86 2     1   114    8592K 0B    7696K 41221 1     sleeping *0[34]       0.00000 0.00000    501 8411     196    1070      393       12573     2726      6810      630     16       0.0   0      0      0      manuelosalumbides      N/A    N/A   N/A   N/A   N/A   N/A  
41216  homeenergyd      0.0  00:00.48 2     1   84     7425K 0B    7088K 41216 1     sleeping *0[4]        0.00000 0.00000    501 5040     278    331       113       3251      663       3265      1220    0        0.0   0      0      0      manuelosalumbides      N/A    N/A   N/A   N/A   N/A   N/A  
41197  recentsd         0.0  00:00.12 3     2   62     3888K 0B    3584K 41197 1     sleeping  0[0]        0.00000 0.00000    501 2284     121    275       120       2325      731       670       73      0        0.0   0      0      0      manuelosalumbides      N/A    N/A   N/A   N/A   N/A   N/A  
41195  UsageTrackingAge 0.0  00:00.27 2     1   104    5456K 0B    5104K 41195 1     sleeping *0[18]       0.00000 0.00000    501 4382     157    628       253       4476      1280      1942      315     2        0.0   0      0      0      manuelosalumbides      N/A    N/A   N/A   N/A   N/A   N/A  
41188  AuthenticationSe 0.0  00:00.80 2     1   102    5376K 0B    5040K 41188 1     sleeping *0[13]       0.00000 0.00000    501 4551     168    677       307       17382     1487      2454      393     0        0.0   0      0      0      manuelosalumbides      N/A    N/A   N/A   N/A   N/A   N/A  
41150  iconservicesd    0.0  00:00.58 2     1   48     2848K 0B    2608K 41150 1     sleeping *0[364]      0.00000 0.00000    240 20035    94     1403      959       16457     2530      5669      12      3        0.0   0      0      0      _iconservices          N/A    N/A   N/A   N/A   N/A   N/A  
41108  knowledge-agent  0.0  00:00.67 2     1   157    8384K 0B    8384K 41108 1     sleeping *0[8]        0.00000 0.00000    501 10008    173    3241      2693      12972     6896      3276      1300    3        0.0   0      0      0      manuelosalumbides      N/A    N/A   N/A   N/A   N/A   N/A  
41101  netbiosd         0.0  00:00.29 3     2   26     2736K 0B    1200K 41101 1     sleeping *0[1]        0.00000 0.00000    222 6030     104    311       115       7173      544       3901      82      16       0.0   0      0      40     _netbios               N/A    N/A   N/A   N/A   N/A   N/A  
41098  AppSSODaemon     0.0  00:00.84 3     1   135    5392K 0B    3328K 41098 1     sleeping *0[1051]     0.00000 0.00000    0   16107    147    15463     6000      17641     35869     15600     24      16       0.0   0      0      0      root                   N/A    N/A   N/A   N/A   N/A   N/A  
41095  AppSSOAgent      0.0  00:00.78 3     1   179    8657K 0B    5568K 41095 1     sleeping *0[657]      0.00000 0.00000    501 18053    170    9207      3183      10939     22579     9417      1828    3        0.0   0      0      0      manuelosalumbides      N/A    N/A   N/A   N/A   N/A   N/A  
41089  mlhostd          0.0  00:00.73 2     1   108    5808K 0B    5424K 41089 1     sleeping *0[13]       0.00000 0.00000    501 8318     157    3655      3052      7804      8005      4558      718     1        0.0   0      0      0      manuelosalumbides      N/A    N/A   N/A   N/A   N/A   N/A  
41087  TextInputSwitche 0.0  00:01.94 3     1   177    8896K 0B    4464K 41087 1     sleeping *0[1]        0.00000 0.00000    501 24880    193    19670     7547      36875     76604     37152     411     20       0.0   0      0      0      manuelosalumbides      N/A    N/A   N/A   N/A   N/A   N/A  
41085  coreautha        0.0  00:00.68 3     1   174    8752K 0B    6320K 41085 1     sleeping *0[644]      0.00000 0.00000    501 15833    189    8466      2760      9360      22130     8728      355     7        0.0   0      0      0      manuelosalumbides      N/A    N/A   N/A   N/A   N/A   N/A  
41083  donotdisturbd    0.0  00:00.50 3     2   148    7584K 0B    5520K 41083 1     sleeping *0[55]       0.00000 0.00000    501 9298     174    805       381       11122     1721      4113      493     4        0.0   0      0      0      manuelosalumbides      N/A    N/A   N/A   N/A   N/A   N/A  
41042  osanalyticshelpe 0.0  00:00.09 2     1   52     2880K 0B    2592K 41042 1     sleeping *0[3]        0.00000 0.00000    0   2026     103    200       94        1190      427       437       51      0        0.0   0      0      0      root                   N/A    N/A   N/A   N/A   N/A   N/A  
41041  CloudTelemetrySe 0.0  00:00.58 3     1   68     6448K 0B    4560K 41041 1     sleeping *0[15]       0.00000 0.00000    501 10651    135    487       246       5588      1204      2685      252     10       0.0   0      0      0      manuelosalumbides      N/A    N/A   N/A   N/A   N/A   N/A  
41040  contactsd        0.0  00:05.58 2     1   118    9601K 0B    9424K 41040 1     sleeping *0[72]       0.00000 0.00000    501 466423   146    9636      7729      219240    42140     61507     391     7        0.0   0      0      0      manuelosalumbides      N/A    N/A   N/A   N/A   N/A   N/A  
41014  softwareupdated  0.0  00:36.15 4     1   163    27M   0B    26M   41014 1     sleeping *0[176]      0.00000 0.00000    200 61766    237    393199    195371    411532    289508    159651    6820    42       0.0   0      0      0      _softwareupdate        N/A    N/A   N/A   N/A   N/A   N/A  
41007  countryd         0.0  00:00.25 2     1   36     2976K 0B    2640K 41007 1     sleeping *0[11]       0.00000 0.00000    0   3888     96     328       157       4239      531       475       96      0        0.0   0      0      0      root                   N/A    N/A   N/A   N/A   N/A   N/A  
40993  secinitd         0.0  00:00.78 2     1   44     4032K 0B    3728K 40993 1     sleeping *0[124]      0.00000 0.00000    501 10948    107    3070      1501      27464     3668      2621      152     1        0.0   0      0      0      manuelosalumbides      N/A    N/A   N/A   N/A   N/A   N/A  
40992  com.apple.geod   0.0  00:00.88 3     2   73     5360K 0B    3424K 40992 1     sleeping *0[52]       0.00000 0.00000    501 12271    136    730       582       17024     1813      5404      441     4        0.0   0      0      0      manuelosalumbides      N/A    N/A   N/A   N/A   N/A   N/A  
40957  ospredictiond    0.0  00:00.16 2     1   48     3664K 0B    3360K 40957 1     sleeping *2[1]        0.00000 0.00000    0   3043     121    312       149       1856      532       1749      248     1        0.0   0      0      0      root                   N/A    N/A   N/A   N/A   N/A   N/A  
40954  AccessibilityVis 0.0  00:01.33 3     1   179    11M   0B    7552K 40954 1     sleeping *0[1]        0.00000 0.00000    501 23114    216    15468     2753      18969     50119     18051     451     39       0.0   0      0      0      manuelosalumbides      N/A    N/A   N/A   N/A   N/A   N/A  
40848  followupd        0.0  00:00.19 2     1   55     3024K 0B    2752K 40848 1     sleeping *0[54]       0.00000 0.00000    501 3821     108    713       357       7920      1765      1302      55      2        0.0   0      0      0      manuelosalumbides      N/A    N/A   N/A   N/A   N/A   N/A  
40834  nesessionmanager 0.0  00:00.38 3     2   71     3792K 0B    1888K 40834 1     sleeping *0[13]       0.00000 0.00000    0   8854     112    458       268       7808      1084      3147      224     5        0.0   0      0      0      root                   N/A    N/A   N/A   N/A   N/A   N/A  
40802  BackgroundTaskMa 0.0  00:00.68 3     1   158    5792K 0B    3776K 40802 1     sleeping *0[1175]     0.00000 0.00000    501 16613    151    9074      3026      13919     26737     13393     53      8        0.0   0      0      0      manuelosalumbides      N/A    N/A   N/A   N/A   N/A   N/A  
40800  networkservicepr 0.0  00:04.20 4     2   119    9424K 0B    5136K 40800 1     sleeping *0[32]       0.00000 0.00000    501 30378    190    3144      1457      35924     7042      18010     1084    15       0.0   0      0      0      manuelosalumbides      N/A    N/A   N/A   N/A   N/A   N/A  
40796  ImageThumbnailEx 0.0  00:01.67 6     5/1 59     6689K 0B    6160K 40796 1     sleeping *0[1]        0.00000 0.00000    501 21477    129    628       391       10701     1955      3150      1048    0        0.0   0      0      0      manuelosalumbides      N/A    N/A   N/A   N/A   N/A   N/A  
40760  TextThumbnailExt 0.0  00:19.83 5     4/2 69     56M   0B    56M   40760 1     sleeping *0[1]        0.00000 0.00000    501 111521   176    8191      8674      189641    30377     34531     183     2        0.0   0      0      0      manuelosalumbides      N/A    N/A   N/A   N/A   N/A   N/A  
40755  inputanalyticsd  0.0  00:00.61 2     1   57     4464K 0B    4128K 40755 1     sleeping  0[0]        0.00000 0.00000    501 8017     137    403       504       8414      1136      3170      551     4        0.0   0      0      0      manuelosalumbides      N/A    N/A   N/A   N/A   N/A   N/A  
40731  sysmond          0.0  00:04.70 2     1   17     1712K 0B    1488K 40731 1     sleeping *0[77]       0.00000 0.00000    0   4586     88     150368    84504     210125    127937    23040     50      0        0.0   0      0      0      root                   N/A    N/A   N/A   N/A   N/A   N/A  
40701  com.apple.geod   0.0  00:00.65 3     2   57     4784K 0B    2240K 40701 1     sleeping *0[28]       0.00000 0.00000    205 12120    136    333       148       10507     695       3394      310     7        0.0   0      0      0      _locationd             N/A    N/A   N/A   N/A   N/A   N/A  
40694  com.apple.quickl 0.0  00:06.44 3     1   97     9857K 0B    9600K 40694 1     sleeping *1874[1]     0.00000 0.00000    501 44438    197    29382     11446     276378    70321     75926     1861    4        0.0   0      0      0      manuelosalumbides      N/A    N/A   N/A   N/A   N/A   N/A  
40691  triald           0.0  00:07.09 2     1   99     6000K 0B    5808K 40691 1     sleeping *0[55]       0.00000 0.00000    501 6693     158    2201      688       92186     20264     26227     525     0        0.0   0      0      0      manuelosalumbides      N/A    N/A   N/A   N/A   N/A   N/A  
40681  homed            0.0  00:03.06 3     2   190    16M   0B    15M   40681 1     sleeping *0[246]      0.00000 0.00000    501 26431    256    3127      1887      30030     6943      15869     5715    7        0.0   0      0      0      manuelosalumbides      N/A    N/A   N/A   N/A   N/A   N/A  
40678  amsaccountsd     0.0  00:01.74 3     2   101    7952K 0B    6192K 40678 1     sleeping *0[46]       0.00000 0.00000    501 16196    192    2708      473       46081     5170      19519     979     64       0.0   0      0      0      manuelosalumbides      N/A    N/A   N/A   N/A   N/A   N/A  
40674  wifianalyticsd   0.0  00:08.53 2     1   73     7088K 0B    6608K 40674 1     sleeping *0[16]       0.00000 0.00000    0   29394    123    4175      1002      40501     7470      10884     1081    9        0.0   0      0      0      root                   N/A    N/A   N/A   N/A   N/A   N/A  
40670  systemsoundserve 0.0  00:00.68 5     1   178    5024K 0B    4624K 40670 1     sleeping *0[1]        0.00000 0.00000    0   14471    129    6041      3028      16102     16174     11301     329     17       0.0   0      0      0      root                   N/A    N/A   N/A   N/A   N/A   N/A  
40646  PowerUIAgent     0.0  00:00.35 2     1   67     4320K 0B    4016K 40646 1     sleeping *0[1]        0.00000 0.00000    0   7250     134    1774      760       8705      3150      2484      260     5        0.0   0      0      0      root                   N/A    N/A   N/A   N/A   N/A   N/A  
40643  GamePolicyAgent  0.0  00:00.90 4     1   167    7024K 0B    4960K 40643 1     sleeping *0[812]      0.00000 0.00000    501 18405    168    11133     3227      21561     26644     14000     198     3        0.0   0      0      0      manuelosalumbides      N/A    N/A   N/A   N/A   N/A   N/A  
40638  AudioComponentRe 0.0  00:00.13 2     1   50     2960K 0B    2768K 40638 1     sleeping *0[38]       0.00000 0.00000    501 6142     96     376       262       2855      900       454       102     0        0.0   0      0      0      manuelosalumbides      N/A    N/A   N/A   N/A   N/A   N/A  
40617  pbs              0.0  00:00.16 2     1   42     2752K 0B    2496K 40617 1     sleeping *0[57]       0.00000 0.00000    501 5627     94     435       330       5141      1036      1187      34      2        0.0   0      0      0      manuelosalumbides      N/A    N/A   N/A   N/A   N/A   N/A  
40602  CoreServicesUIAg 0.0  00:01.44 3     1   190    10M   0B    7072K 40602 1     sleeping *0[933]      0.00000 0.00000    501 27952    188    11307     3829      28030     27914     12800     747     4        0.0   0      0      0      manuelosalumbides      N/A    N/A   N/A   N/A   N/A   N/A  
40600  iconservicesagen 0.0  00:14.39 5     4   96     23M   0B    24M   40600 1     sleeping *0[174]      0.00000 0.00000    501 560616   334    59729     38798     485586    118723    102216    7314    60       0.0   0      0      0      manuelosalumbides      N/A    N/A   N/A   N/A   N/A   N/A  
40570  extensionkitserv 0.0  00:00.58 2     1   44     3728K 0B    3376K 40570 1     sleeping *0[38]       0.00000 0.00000    501 14239    112    553       176       10150     1348      1466      48      5        0.0   0      0      0      manuelosalumbides      N/A    N/A   N/A   N/A   N/A   N/A  
40565  searchpartyusera 0.0  00:02.29 3     2   208    12M   0B    11M   40565 1     sleeping *0[206]      0.00000 0.00000    501 26753    230    1650      1034      25040     4914      14223     3370    45       0.0   0      0      0      manuelosalumbides      N/A    N/A   N/A   N/A   N/A   N/A  
40562  remindd          0.0  00:01.89 4     3   132    11M   0B    9376K 40562 1     sleeping *0[26]       0.00000 0.00000    501 16458    218    867       355       36777     2793      18545     2004    123      0.0   0      0      0      manuelosalumbides      N/A    N/A   N/A   N/A   N/A   N/A  
40561  neagent          0.0  00:00.27 2     1   53     3392K 0B    3056K 40561 1     sleeping *0[1]        0.00000 0.00000    501 10987    105    582       367       5137      1137      843       108     0        0.0   0      0      0      manuelosalumbides      N/A    N/A   N/A   N/A   N/A   N/A  
40560  axassetsd        0.0  00:04.83 2     1   65     8832K 0B    8784K 40560 1     sleeping *0[279]      0.00000 0.00000    501 9897     171    994       684       27614     3968      7691      834     0        0.0   0      0      0      manuelosalumbides      N/A    N/A   N/A   N/A   N/A   N/A  
40551  pkd              0.0  00:01.41 2     1   84     5040K 0B    4752K 40551 1     sleeping *0[194]      0.00000 0.00000    501 18031    107    3416      1604      18855     4706      4438      763     1        0.0   0      0      0      manuelosalumbides      N/A    N/A   N/A   N/A   N/A   N/A  
40548  liveactivitiesd  0.0  00:00.20 2     1   84     5424K 0B    5088K 40548 1     sleeping *0[1]        0.00000 0.00000    501 6381     157    597       327       3447      1494      1133      417     2        0.0   0      0      0      manuelosalumbides      N/A    N/A   N/A   N/A   N/A   N/A  
40546  ShortcutsViewSer 0.0  00:01.33 3     1   157    7201K 0B    4240K 40546 1     sleeping *0[897]      0.00000 0.00000    501 30574    196    25674     9791      21330     44847     14653     844     6        0.0   0      0      0      manuelosalumbides      N/A    N/A   N/A   N/A   N/A   N/A  
40544  siriactionsd     0.0  00:26.75 3     2   148    14M   0B    11M   40544 1     sleeping *1[16]       0.00000 0.00000    501 58253    334    7565      5433      121767    86935     39500     3159    9        0.0   0      0      0      manuelosalumbides      N/A    N/A   N/A   N/A   N/A   N/A  
40543  bird             0.0  00:01.08 3     2   82     4592K 0B    2768K 40543 1     sleeping *0[657]      0.00000 0.00000    501 14470    132    22762     10825     38960     17353     11110     978     8        0.0   0      0      0      manuelosalumbides      N/A    N/A   N/A   N/A   N/A   N/A  
40532  nehelper         0.0  00:00.54 2     1   87     4016K 0B    3680K 40532 1     sleeping *0[299]      0.00000 0.00000    0   11799    106    1312      729       13957     2670      4021      481     1        0.0   0      0      0      root                   N/A    N/A   N/A   N/A   N/A   N/A  
40530  rtcreportingd    0.0  00:00.63 3     1   79     5008K 0B    3184K 40530 1     sleeping *0[1]        0.00000 0.00000    0   14516    133    456       295       13173     1495      4490      335     17       0.0   0      0      0      root                   N/A    N/A   N/A   N/A   N/A   N/A  
40519  replayd          0.0  00:05.42 4     3   137    8385K 0B    7648K 40519 1     sleeping *0[744]      0.00000 0.00000    501 27930    174    4174      1171      129144    9221      22889     2404    85       0.0   0      0      0      manuelosalumbides      N/A    N/A   N/A   N/A   N/A   N/A  
40500  audioanalyticsd  0.0  00:01.94 2     1   72     4640K 0B    3552K 40500 1     sleeping *0[226]      0.00000 0.00000    0   18013    140    663       1217      31901     2587      16565     887     43       0.0   0      0      0      root                   N/A    N/A   N/A   N/A   N/A   N/A  
40428  Keychain Circle  0.0  00:00.67 3     1   152    5776K 0B    3776K 40428 1     sleeping *0[1]        0.00000 0.00000    501 15623    156    6826      1775      13896     26534     13392     41      14       0.0   0      0      0      manuelosalumbides      N/A    N/A   N/A   N/A   N/A   N/A  
40409  IntelligencePlat 0.0  00:04.68 2     1   48     11M   256K  6304K 40409 1     sleeping *0[1]        0.00000 0.00000    501 51572    216    5763      3501      95158     22865     31564     4348    7        0.0   0      0      0      manuelosalumbides      N/A    N/A   N/A   N/A   N/A   N/A  
40407  calaccessd       0.0  00:01.00 2     1   149    8160K 0B    5648K 40407 1     sleeping *0[11]       0.00000 0.00000    501 21422    188    2363      1096      15773     5630      7781      1103    8        0.0   0      0      0      manuelosalumbides      N/A    N/A   N/A   N/A   N/A   N/A  
40405  proactived       0.0  00:01.51 2     1   72     4672K 0B    1936K 40405 1     sleeping *0[298]      0.00000 0.00000    501 24364    131    5535      4108      58098     16364     14993     204     3        0.0   0      0      0      manuelosalumbides      N/A    N/A   N/A   N/A   N/A   N/A  
40391  fileproviderd    0.0  00:00.65 2     1   113    5312K 0B    4960K 40391 1     sleeping *0[76]       0.00000 0.00000    501 12523    164    1467      774       12733     2307      5329      573     2        0.0   0      0      0      manuelosalumbides      N/A    N/A   N/A   N/A   N/A   N/A  
40096  intelligencecont 0.0  00:01.29 2     1   75     7984K 0B    5680K 40096 1     sleeping *1[8]        0.00000 0.00000    501 32787    245    3792      3961      38090     10382     13486     2238    8        0.0   0      0      0      manuelosalumbides      N/A    N/A   N/A   N/A   N/A   N/A  
40095  parsecd          0.0  00:07.68 2     1   98     7712K 0B    3712K 40095 1     sleeping *0[238]      0.00000 0.00000    501 46676    223    5830      6114      94015     12049     55687     12889   31       0.0   0      0      0      manuelosalumbides      N/A    N/A   N/A   N/A   N/A   N/A  
40086  swcd             0.0  00:02.11 2     1   51     3696K 0B    3392K 40086 1     sleeping *0[279]      0.00000 0.00000    501 13768    100    607       449       52106     2259      7290      872     0        0.0   0      0      0      manuelosalumbides      N/A    N/A   N/A   N/A   N/A   N/A  
40064  com.apple.CodeSi 0.0  00:00.29 2     1   20     2128K 0B    1920K 40064 1     sleeping *0[201]      0.00000 0.00000    0   8643     90     776       918       34044     2074      2299      12      1        0.0   0      0      0      root                   N/A    N/A   N/A   N/A   N/A   N/A  
40061  CoreLocationAgen 0.0  00:01.02 3     1   164    7473K 0B    4576K 40061 1     sleeping *0[1]        0.00000 0.00000    501 27916    178    8205      2351      17334     26258     16197     962     4        0.0   0      0      0      manuelosalumbides      N/A    N/A   N/A   N/A   N/A   N/A  
40055  tccd             0.0  00:02.50 3     2   63     5088K 0B    4784K 40055 1     sleeping *0[665]      0.00000 0.00000    501 22040    111    5437      6066      117450    15207     13823     71      1        0.0   0      0      0      manuelosalumbides      N/A    N/A   N/A   N/A   N/A   N/A  
39962  coreduetd        0.0  00:02.63 2     1   108    6929K 0B    6560K 39962 1     sleeping *0[189]      0.00000 0.00000    0   41318    155    10997     5560      116073    32121     23752     521     12       0.0   0      0      0      root                   N/A    N/A   N/A   N/A   N/A   N/A  
39909  wifip2pd         0.0  00:02.93 3     2   62     6449K 0B    3968K 39909 1     sleeping *0[1207]     0.00000 0.00000    0   20010    165    4778      28741     78271     55957     34877     1327    9        0.0   0      0      0      root                   N/A    N/A   N/A   N/A   N/A   N/A  
39893  callservicesd    0.0  00:01.85 4     1   353    11M   0B    7968K 39893 1     sleeping *0[799]      0.00000 0.00000    501 40604    272    8336      5263      45099     24136     28246     2946    10       0.0   0      0      0      manuelosalumbides      N/A    N/A   N/A   N/A   N/A   N/A  
39536  WeatherWidget    0.0  00:16.82 6     4/3 152    19M   0B    18M   39536 1     sleeping *282[47]     0.00000 0.00000    501 83669    495    4187      2586      100360    15603     26090     20213   7        0.0   0      0      0      manuelosalumbides      N/A    N/A   N/A   N/A   N/A   N/A  
38206  VTDecoderXPCServ 0.0  00:00.52 3     1   83     10M   0B    4864K 38206 1     sleeping *640[1]      0.00000 0.00000    501 3036     119    18044     9090      9008      18595     5696      612     0        0.0   0      0      40     manuelosalumbides      N/A    N/A   N/A   N/A   N/A   N/A  
38204  RemindersWidgetE 0.0  00:00.17 4     3/3 98     10M   0B    10M   38204 1     sleeping *7[2]        0.00000 0.00000    501 3696     294    428       122       2154      790       2897      1152    0        0.0   0      0      0      manuelosalumbides      N/A    N/A   N/A   N/A   N/A   N/A  
38167  AppleSpell       0.0  00:04.25 2     1   136    39M   0B    38M   38167 1     sleeping *0[1]        0.00000 0.00000    501 53418    179    3300      1532      52451     9458      22628     12940   0        0.0   0      0      40     manuelosalumbides      N/A    N/A   N/A   N/A   N/A   N/A  
38057  dhcp6d           0.0  00:00.04 2     1   29     1920K 0B    1680K 38057 1     sleeping *0[1]        0.00000 0.00000    -2  1068     88     1056      520       701       827       462       26      0        0.0   0      0      40     nobody                 N/A    N/A   N/A   N/A   N/A   N/A  
36779  coreauthd        0.0  00:00.65 2     1   54     4096K 0B    3776K 36779 1     sleeping *0[265]      0.00000 0.00000    501 19013    127    4420      2837      12835     5980      5429      2004    2        0.0   0      0      0      manuelosalumbides      N/A    N/A   N/A   N/A   N/A   N/A  
35698  QLPreviewGenerat 0.0  00:01.15 3     1   154    5889K 0B    3088K 35698 1     sleeping  0[2414]     0.00000 0.00000    501 31440    163    14954     5067      21126     41161     16034     134     9        0.0   0      0      0      manuelosalumbides      N/A    N/A   N/A   N/A   N/A   N/A  
35627  linkd            0.0  00:06.22 2     1   210    9856K 0B    6752K 35627 1     sleeping *0[712]      0.00000 0.00000    501 60897    202    10049     9675      104779    23701     32576     1921    28       0.0   0      0      0      manuelosalumbides      N/A    N/A   N/A   N/A   N/A   N/A  
35623  com.apple.hiserv 0.0  00:03.19 2     1   77     2416K 0B    1072K 35623 1     sleeping *0[1726]     0.00000 0.00000    501 19420    93     4181      27599     135031    8730      41989     35      1        0.0   0      0      0      manuelosalumbides      N/A    N/A   N/A   N/A   N/A   N/A  
35383  securityd_system 0.0  00:02.95 2     1   35     3488K 0B    3344K 35383 1     sleeping *0[4902]     0.00000 0.00000    0   13468    102    25138     24948     188450    56100     24835     518     7        0.0   0      0      0      root                   N/A    N/A   N/A   N/A   N/A   N/A  
35284  trustd           0.0  00:14.65 4     3   103    7728K 512K  4112K 35284 1     sleeping *0[4479]     0.00000 0.00000    282 65718    128    8926      8722      236772    84210     48524     279     55       0.0   0      0      0      _trustd                N/A    N/A   N/A   N/A   N/A   N/A  
32774  appstorecomponen 0.0  00:02.64 4     2   230    11M   0B    9744K 32774 1     sleeping *0[83]       0.00000 0.00000    501 48595    300    4307      1843      42783     12317     25003     6070    85       0.0   0      0      40     manuelosalumbides      N/A    N/A   N/A   N/A   N/A   N/A  
31998  AXVisualSupportA 0.0  03:35.06 5     1   474    17M   0B    10M   31998 1     sleeping *40[6]       0.00000 0.00000    501 264209   248    3515624   856949    2739865   8308448   1765762   3303    5977     0.0   0      0      100    manuelosalumbides      N/A    N/A   N/A   N/A   N/A   N/A  
31797  BackgroundShortc 0.0  00:00.94 2     1   89     10M   0B    10M   31797 1     sleeping *6[1]        0.00000 0.00000    501 22203    285    1888      1421      21088     4555      9558      1018    24       0.0   0      0      100    manuelosalumbides      N/A    N/A   N/A   N/A   N/A   N/A  
31409  LinkedNotesUISer 0.0  00:01.39 3     1   189    9937K 0B    7504K 31409 1     sleeping *0[1]        0.00000 0.00000    501 43050    223    12956     3624      17001     43851     25903     211     8        0.0   0      0      80     manuelosalumbides      N/A    N/A   N/A   N/A   N/A   N/A  
30822  PhotosReliveWidg 0.0  00:01.79 7     6/4 116    20M   0B    16M   30822 1     sleeping *1[2]        0.00000 0.00000    501 26341    315    3421      2251      11963     8227      7704      4611    2        0.0   0      0      0      manuelosalumbides      N/A    N/A   N/A   N/A   N/A   N/A  
29272  ScreenshotContro 0.0  00:00.07 3     2/2 76     9217K 0B    8768K 29272 1     sleeping *8[8]        0.00000 0.00000    501 2631     260    364       122       2076      710       530       60      0        0.0   0      0      0      manuelosalumbides      N/A    N/A   N/A   N/A   N/A   N/A  
29271  WindowManagerCon 0.0  00:00.14 5     4/3 96     10M   0B    10M   29271 1     sleeping *3[8]        0.00000 0.00000    501 3778     279    526       189       3175      1010      954       222     0        0.0   0      0      0      manuelosalumbides      N/A    N/A   N/A   N/A   N/A   N/A  
29068  mediaremoted     0.0  00:18.54 4     1   224    6736K 0B    4608K 29068 1     sleeping *0[1762]     0.00000 0.00000    0   139237   156    735355    82493     449990    884509    883266    3094    72       0.0   0      0      40     root                   N/A    N/A   N/A   N/A   N/A   N/A  
28431  keyboardservices 0.0  00:00.31 2     1   81     4784K 0B    4592K 28431 1     sleeping *0[37]       0.00000 0.00000    501 6791     125    503       342       5575      1374      2635      199     1        0.0   0      0      40     manuelosalumbides      N/A    N/A   N/A   N/A   N/A   N/A  
27126  contentlinkingd  0.0  00:04.22 2     1   68     3968K 0B    1504K 27126 1     sleeping *1[1540]     0.00000 0.00000    501 63077    116    23691     17044     143649    64211     40301     279     39       0.0   0      0      0      manuelosalumbides      N/A    N/A   N/A   N/A   N/A   N/A  
27108  backupd          0.0  00:04.82 2     1   40     3312K 0B    1872K 27108 1     sleeping *0[2028]     0.00000 0.00000    0   51278    115    36431     23061     173657    49076     22012     1049    33       0.0   0      0      0      root                   N/A    N/A   N/A   N/A   N/A   N/A  
19923  heard            0.0  00:06.29 4     1   249    8128K 0B    7728K 19923 1     sleeping *0[1]        0.00000 0.00000    501 74456    173    41677     31916     174242    193524    95454     3448    224      0.0   0      0      0      manuelosalumbides      N/A    N/A   N/A   N/A   N/A   N/A  
19871  DisplayControls  0.0  00:00.19 6     5/3 80     9297K 0B    8912K 19871 1     sleeping *8[4]        0.00000 0.00000    501 4798     271    521       183       3424      989       1979      757     0        0.0   0      0      0      manuelosalumbides      N/A    N/A   N/A   N/A   N/A   N/A  
14590  mbuseragent      0.0  00:00.06 2     1   44     2640K 0B    2352K 14590 1     sleeping *0[1]        0.00000 0.00000    501 1036     110    179       72        548       351       326       113     0        0.0   0      0      40     manuelosalumbides      N/A    N/A   N/A   N/A   N/A   N/A  
9650   ssh-agent        0.0  00:00.09 1     0   22     1424K 0B    1232K 9650  1     sleeping *0[1]        0.00000 0.00000    501 727      88     122       49        595       219       126       59      0        0.0   0      0      180    manuelosalumbides      N/A    N/A   N/A   N/A   N/A   N/A  
6543   Dock             0.0  01:29.09 5     3   1094   39M   0B    35M   6543  1     sleeping *1[111]      0.00000 0.00000    501 435816   275    1671151   254084    1137114   2949715   965531    11911   3085     0.0   0      0      80     manuelosalumbides      N/A    N/A   N/A   N/A   N/A   N/A  
6264   com.apple.Ambien 0.0  00:00.76 3     1   73     3472K 0B    3184K 6264  1     sleeping *1[1]        0.00000 0.00000    0   18303    108    7865      2181      11892     12096     12857     1934    0        0.0   0      0      40     root                   N/A    N/A   N/A   N/A   N/A   N/A  
5402   universalAccessA 0.0  00:03.07 3     1   198    18M   0B    15M   5402  1     sleeping *0[1947]     0.00000 0.00000    501 116128   296    33941     13369     30460     87998     48399     3330    18       0.0   0      0      100    manuelosalumbides      N/A    N/A   N/A   N/A   N/A   N/A  
4749   akd              0.0  00:02.69 2     1   113    7008K 0B    6016K 4749  1     sleeping *0[428]      0.00000 0.00000    501 53333    152    3980      2338      40290     9936      21974     4581    46       0.0   0      0      40     manuelosalumbides      N/A    N/A   N/A   N/A   N/A   N/A  
2828   DiskUnmountWatch 0.0  00:00.19 2     1   34     2656K 0B    2368K 2828  1     sleeping  0[0]        0.00000 0.00000    501 2786     108    216       81        975       478       1245      804     0        0.0   0      0      40     manuelosalumbides      N/A    N/A   N/A   N/A   N/A   N/A  
2659   passd            0.0  00:04.95 3     2   198    10M   0B    8000K 2659  1     sleeping *0[188]      0.00000 0.00000    501 79265    190    10509     7684      71467     30706     49169     10060   51       0.0   0      0      40     manuelosalumbides      N/A    N/A   N/A   N/A   N/A   N/A  
2658   CVMServer        0.0  00:00.05 2     1   29     1936K 0B    1712K 2658  1     sleeping *0[1]        0.00000 0.00000    0   1440     86     134       82        562       265       150       47      0        0.0   0      0      40     root                   N/A    N/A   N/A   N/A   N/A   N/A  
2391   IMAutomaticHisto 0.0  00:00.43 2     1   67     4576K 0B    4256K 2391  1     sleeping  0[0]        0.00000 0.00000    501 15979    145    1525      1221      5202      5127      4756      619     0        0.0   0      0      40     manuelosalumbides      N/A    N/A   N/A   N/A   N/A   N/A  
2340   trustd           0.0  00:51.81 2     1   168    8336K 256K  4736K 2340  1     sleeping *0[10916]    0.00000 0.00000    501 274539   123    30165     29632     797037    278068    207964    849     195      0.0   0      0      0      manuelosalumbides      N/A    N/A   N/A   N/A   N/A   N/A  
2302   distnoted        0.0  00:02.71 2     1   29     1600K 0B    912K  2302  1     sleeping *0[1]        0.00000 0.00000    296 28570    87     136       18065     207469    18271     44144     7       55       0.0   0      0      40     _neuralengine          N/A    N/A   N/A   N/A   N/A   N/A  
2045   UserNotification 0.0  00:06.41 3     1   212    18M   0B    14M   2045  1     sleeping *0[1]        0.00000 0.00000    501 153839   326    36612     11976     55765     118619    81416     4573    29       0.0   0      0      40     manuelosalumbides      N/A    N/A   N/A   N/A   N/A   N/A  
2036   PowerChime       0.0  00:06.48 6     1   332    12M   0B    9824K 2036  1     sleeping *0[1]        0.00000 0.00000    501 151497   253    84158     50302     234094    247282    168760    2433    51       0.0   0      0      40     manuelosalumbides      N/A    N/A   N/A   N/A   N/A   N/A  
1672   fairplayd        0.0  00:01.68 2     1   28     2480K 0B    2256K 1672  1     sleeping *0[1]        0.00000 0.00000    265 14609    123    326       83        2246      1794      7212      9593    1        0.0   0      0      40     _fpsd                  N/A    N/A   N/A   N/A   N/A   N/A  
1177   wifivelocityd    0.0  00:21.91 2     1   78     4720K 0B    4368K 1177  1     sleeping *0[258]      0.00000 0.00000    0   43749    126    28570     3710      343504    48071     83706     2633    248      0.0   0      0      40     root                   N/A    N/A   N/A   N/A   N/A   N/A  
1162   mdwrite          0.0  00:00.09 2     1   36     2080K 0B    1856K 1162  1     sleeping *0[1]        0.00000 0.00000    501 3482     94     210       198       1962      559       890       90      1        0.0   0      0      40     manuelosalumbides      N/A    N/A   N/A   N/A   N/A   N/A  
1133   distnoted        0.0  00:02.78 2     1   29     1632K 0B    928K  1133  1     sleeping *0[1]        0.00000 0.00000    277 30739    87     153       18761     207951    19009     47148     7       56       0.0   0      0      40     _rmd                   N/A    N/A   N/A   N/A   N/A   N/A  
1086   spotlightknowled 0.0  00:00.24 2     1   35     3312K 0B    2976K 1086  1     sleeping  0[0]        0.00000 0.00000    501 8357     115    764       598       3850      1608      1599      149     0        0.0   0      0      40     manuelosalumbides      N/A    N/A   N/A   N/A   N/A   N/A  
1080   ctkahp           0.0  00:00.18 2     1   49     3008K 0B    2704K 1080  1     sleeping *0[196]      0.00000 0.00000    501 11464    103    516       303       3606      1081      2009      571     0        0.0   0      0      40     manuelosalumbides      N/A    N/A   N/A   N/A   N/A   N/A  
1076   ctkahp           0.0  00:00.33 2     1   47     2624K 0B    2368K 1076  1     sleeping *0[190]      0.00000 0.00000    0   12822    97     943       586       11457     3756      5425      402     4        0.0   0      0      40     root                   N/A    N/A   N/A   N/A   N/A   N/A  
1075   TextInputMenuAge 0.0  00:06.42 3     1   199    15M   0B    12M   1075  1     sleeping *0[6285]     0.00000 0.00000    501 147991   215    83330     22885     95190     215726    101840    449     24       0.0   0      0      100    manuelosalumbides      N/A    N/A   N/A   N/A   N/A   N/A  
1074   AirPlayUIAgent   0.0  00:02.47 3     1   171    7296K 0B    5072K 1074  1     sleeping *0[2106]     0.00000 0.00000    501 95680    161    29186     10057     36830     80297     44654     194     22       0.0   0      0      100    manuelosalumbides      N/A    N/A   N/A   N/A   N/A   N/A  
1071   icdd             0.0  00:00.27 2     1   61     3216K 0B    2896K 1071  1     sleeping *0[1]        0.00000 0.00000    501 11154    105    1158      559       3667      3866      3792      155     2        0.0   0      0      40     manuelosalumbides      N/A    N/A   N/A   N/A   N/A   N/A  
1069   imklaunchagent   0.0  00:00.20 2     1   78     4896K 0B    4608K 1069  1     sleeping *0[15]       0.00000 0.00000    501 8243     117    651       347       1933      1682      2133      139     0        0.0   0      0      100    manuelosalumbides      N/A    N/A   N/A   N/A   N/A   N/A  
1066   corespeechd      0.0  00:09.01 4     1   219    8656K 0B    6608K 1066  1     sleeping *0[1]        0.00000 0.00000    501 142035   202    181296    96923     269043    338526    168508    7989    59       0.0   0      0      40     manuelosalumbides      N/A    N/A   N/A   N/A   N/A   N/A  
977    CrashReporterSup 0.0  00:00.04 2     1   35     2032K 0B    1824K 977   1     sleeping  0[0]        0.00000 0.00000    0   1384     90     161       77        861       328       413       16      0        0.0   0      0      40     root                   N/A    N/A   N/A   N/A   N/A   N/A  
926    distnoted        0.0  00:02.79 2     1   29     1632K 0B    928K  926   1     sleeping *0[1]        0.00000 0.00000    274 30787    87     150       18826     208755    19069     48496     3       56       0.0   0      0      40     _installcoordinationd  N/A    N/A   N/A   N/A   N/A   N/A  
906    systemstats      0.0  00:03.03 4     1   145    3152K 0B    2864K 333   333   sleeping  0[0]        0.00000 0.00000    0   73264    60     57001     35852     128229    147548    100364    296     51       0.0   0      0      30     root                   N/A    N/A   N/A   N/A   N/A   N/A  
901    diagnostics_agen 0.0  00:04.13 2     1   96     4640K 0B    3344K 901   1     sleeping  0[0]        0.00000 0.00000    501 98377    125    3492      6564      80498     12843     47279     1406    25       0.0   0      0      40     manuelosalumbides      N/A    N/A   N/A   N/A   N/A   N/A  
896    distnoted        0.0  00:02.78 2     1   30     1664K 0B    944K  896   1     sleeping *0[1]        0.00000 0.00000    260 30877    87     153       18834     208832    19082     49694     2       56       0.0   0      0      40     _applepay              N/A    N/A   N/A   N/A   N/A   N/A  
889    mdbulkimport     0.0  00:19.87 2     1   56     6448K 0B    6144K 889   1     sleeping *0[1]        0.00000 0.00000    501 73297    119    7495      3473      543917    11124     43657     728     1        0.0   0      0      40     manuelosalumbides      N/A    N/A   N/A   N/A   N/A   N/A  
888    distnoted        0.0  00:02.81 2     1   29     1616K 0B    912K  888   1     sleeping *0[1]        0.00000 0.00000    92  30874    87     151       18840     209570    19083     50006     2       56       0.0   0      0      40     _securityagent         N/A    N/A   N/A   N/A   N/A   N/A  
887    distnoted        0.0  00:02.85 2     1   30     1616K 0B    896K  887   1     sleeping *0[1]        0.00000 0.00000    247 30880    87     153       18845     209028    19093     49846     2       56       0.0   0      0      40     _gamecontrollerd       N/A    N/A   N/A   N/A   N/A   N/A  
885    IOUserBluetoothS 0.0  00:00.28 2     1   77     896K  0B    736K  885   1     sleeping  0[1]        0.00000 0.00000    270 1392     60     4903      3222      3481      3384      9873      89      0        0.0   0      0      150    _driverkit             N/A    N/A   N/A   N/A   N/A   N/A  
864    distnoted        0.0  00:02.81 2     1   30     1632K 0B    928K  864   1     sleeping *0[1]        0.00000 0.00000    278 30874    87     153       18860     209272    19108     50034     3       56       0.0   0      0      40     _accessoryupdater      N/A    N/A   N/A   N/A   N/A   N/A  
803    assistantd       0.0  00:16.66 3     2   314    16M   0B    13M   803   1     sleeping *0[2313]     0.00000 0.00000    501 197455   396    40249     47009     493944    135474    175122    13014   114      0.0   0      0      0      manuelosalumbides      N/A    N/A   N/A   N/A   N/A   N/A  
792    PodcastsWidget   0.0  00:00.08 5     4/3 90     10M   0B    9808K 792   1     sleeping *25[2]       0.00000 0.00000    501 3400     350    382       147       2171      804       1099      332     0        0.0   0      0      0      manuelosalumbides      N/A    N/A   N/A   N/A   N/A   N/A  
791    HomeWidget       0.0  00:00.07 6     5/4 93     10M   0B    9888K 791   1     sleeping *19[2]       0.00000 0.00000    501 3544     377    380       145       2029      788       1009      124     0        0.0   0      0      0      manuelosalumbides      N/A    N/A   N/A   N/A   N/A   N/A  
787    MobileTimerInten 0.0  00:00.05 4     3/1 54     4608K 0B    4384K 787   1     sleeping *0[1]        0.00000 0.00000    501 1380     115    289       130       3036      730       459       9       0        0.0   0      0      0      manuelosalumbides      N/A    N/A   N/A   N/A   N/A   N/A  
786    CalendarWidgetEx 0.0  00:04.13 7     6/4 87     11M   0B    11M   786   1     sleeping *2[6]        0.00000 0.00000    501 9266     277    791       470       43602     1611      6559      867     0        0.0   0      0      0      manuelosalumbides      N/A    N/A   N/A   N/A   N/A   N/A  
783    FindMyWidgetPeop 0.0  00:00.06 6     5/4 77     8353K 0B    7936K 783   1     sleeping *14[7]       0.00000 0.00000    501 2784     321    290       110       1313      609       858       36      0        0.0   0      0      0      manuelosalumbides      N/A    N/A   N/A   N/A   N/A   N/A  
782    WeatherIntents   0.0  00:00.05 4     3/1 67     6337K 0B    5936K 782   1     sleeping *0[1]        0.00000 0.00000    501 2397     253    259       110       2430      533       472       8       0        0.0   0      0      0      manuelosalumbides      N/A    N/A   N/A   N/A   N/A   N/A  
781    JournalWidgets   0.0  00:00.05 3     2/2 76     8113K 0B    7712K 781   1     sleeping *10[2]       0.00000 0.00000    501 2690     311    289       101       1214      587       926       44      0        0.0   0      0      0      manuelosalumbides      N/A    N/A   N/A   N/A   N/A   N/A  
774    milod            0.0  00:06.35 2     1   137    6480K 0B    6240K 774   1     sleeping *1[4]        0.00000 0.00000    501 73662    143    13093     20898     97827     48030     49526     4326    49       0.0   0      0      40     manuelosalumbides      N/A    N/A   N/A   N/A   N/A   N/A  
771    FindMyWidgetItem 0.0  00:00.22 8     7/6 114    12M   0B    12M   771   1     sleeping *12[7]       0.00000 0.00000    501 5767     412    437       177       2722      960       3330      1066    0        0.0   0      0      0      manuelosalumbides      N/A    N/A   N/A   N/A   N/A   N/A  
769    WorldClockWidget 0.0  00:00.36 9     8/6 1103   15M   0B    14M   769   1     sleeping *53[2]       0.00000 0.00000    501 5044     395    2929      626       31152     6116      9921      246     0        0.0   0      0      0      manuelosalumbides      N/A    N/A   N/A   N/A   N/A   N/A  
768    ScreenTimeWidget 0.0  00:00.06 4     3/2 76     6833K 0B    6416K 768   1     sleeping *0[1]        0.00000 0.00000    501 2586     250    250       99        1239      503       307       118     0        0.0   0      0      0      manuelosalumbides      N/A    N/A   N/A   N/A   N/A   N/A  
767    VoiceMemosSettin 0.0  00:00.05 4     3/2 69     7073K 0B    6656K 767   1     sleeping *1[4]        0.00000 0.00000    501 2500     287    229       85        832       449       512       39      0        0.0   0      0      0      manuelosalumbides      N/A    N/A   N/A   N/A   N/A   N/A  
765    HomeEnergyWidget 0.0  00:00.12 7     6/4 99     10M   0B    9872K 765   1     sleeping *27[2]       0.00000 0.00000    501 4186     378    400       159       2292      852       1582      867     0        0.0   0      0      0      manuelosalumbides      N/A    N/A   N/A   N/A   N/A   N/A  
757    JournalWidgetsSe 0.0  00:00.05 3     2/2 76     8017K 0B    7600K 757   1     sleeping *10[2]       0.00000 0.00000    501 2783     314    290       103       1174      592       602       166     0        0.0   0      0      0      manuelosalumbides      N/A    N/A   N/A   N/A   N/A   N/A  
753    RecordWidgetExte 0.0  00:00.04 3     2/2 70     6897K 0B    6496K 753   1     sleeping *1[4]        0.00000 0.00000    501 2356     284    220       81        813       433       440       85      0        0.0   0      0      0      manuelosalumbides      N/A    N/A   N/A   N/A   N/A   N/A  
751    SubmitDiagInfo   0.0  00:01.72 3     1   73     4832K 0B    4224K 751   1     sleeping  0[0]        0.00000 0.00000    0   42636    125    1199      1174      26086     4124      12817     244     76       0.0   0      0      40     root                   N/A    N/A   N/A   N/A   N/A   N/A  
737    ScreenTimeWidget 0.0  00:00.07 3     2/2 79     7873K 0B    7472K 737   1     sleeping *10[2]       0.00000 0.00000    501 2765     297    248       90        1155      497       711       266     0        0.0   0      0      0      manuelosalumbides      N/A    N/A   N/A   N/A   N/A   N/A  
733    BatteriesAvocado 0.0  00:00.16 8     7/2 92     10M   0B    10M   733   1     sleeping *2[4]        0.00000 0.00000    501 4624     361    390       141       1708      801       2840      975     0        0.0   0      0      0      manuelosalumbides      N/A    N/A   N/A   N/A   N/A   N/A  
725    avconferenced    0.0  00:03.15 6     1   223    7424K 0B    6944K 725   1     sleeping *0[1]        0.00000 0.00000    501 77400    192    41902     38595     165427    145588    81989     1543    27       0.0   0      0      40     manuelosalumbides      N/A    N/A   N/A   N/A   N/A   N/A  
724    mediaremoteagent 0.0  00:01.40 2     1   43     2480K 0B    2208K 724   1     sleeping *0[2989]     0.00000 0.00000    501 32072    94     473       4244      68123     5354      20678     14      11       0.0   0      0      40     manuelosalumbides      N/A    N/A   N/A   N/A   N/A   N/A  
720    UIKitSystem      0.0  00:04.44 2     1   113    11M   0B    10M   720   1     sleeping *0[1746]     0.00000 0.00000    501 101448   290    22272     13539     126785    47605     55410     2512    93       0.0   0      0      0      manuelosalumbides      N/A    N/A   N/A   N/A   N/A   N/A  
716    Spotlight        0.0  11:33.45 6     3   1867   649M  0B    612M  716   1     sleeping *2189[9]     0.00000 0.00000    501 5673983  109836 2383175   352038    7903856   3812030   2811283   247377  1215     0.0   0      0      100    manuelosalumbides      N/A    N/A   N/A   N/A   N/A   N/A  
712    CursorUIViewServ 0.0  02:12.60 3     1   264    14M   0B    5232K 712   1     sleeping *0[15099]    0.00000 0.00000    501 713018   246    1631561   547669    1758710   3389853   867993    1748    354      0.0   0      0      40     manuelosalumbides      N/A    N/A   N/A   N/A   N/A   N/A  
711    IMDPersistenceAg 0.0  00:00.96 2     1   106    8321K 0B    8400K 711   1     sleeping *0[75]       0.00000 0.00000    501 22844    174    1102      463       13594     4884      6372      1371    4        0.0   0      0      40     manuelosalumbides      N/A    N/A   N/A   N/A   N/A   N/A  
709    imagent          0.0  00:09.25 3     2   187    9473K 0B    6304K 709   1     sleeping *0[1]        0.00000 0.00000    501 144513   248    12001     5487      190519    42045     98509     10857   296      0.0   0      0      40     manuelosalumbides      N/A    N/A   N/A   N/A   N/A   N/A  
708    duetexpertd      0.0  18:21.70 2     1   395    17M   384K  8608K 708   1     sleeping *213[3769]   0.00000 0.00000    501 984119   371    328855    352127    22706202  1155325   1752716   150019  90       0.0   0      0      40     manuelosalumbides      N/A    N/A   N/A   N/A   N/A   N/A  
707    spotlightknowled 0.0  04:13.87 3     1   95     24M   0B    20M   707   1     sleeping *0[20384]    0.00000 0.00000    501 201069   217    101791    40412     10099732  242717    7409097   32836   82       0.0   0      0      0      manuelosalumbides      N/A    N/A   N/A   N/A   N/A   N/A  
706    StatusKitAgent   0.0  00:00.64 2     1   241    6816K 0B    6864K 706   1     sleeping *0[236]      0.00000 0.00000    501 25927    135    1270      929       13106     4401      8712      1347    7        0.0   0      0      40     manuelosalumbides      N/A    N/A   N/A   N/A   N/A   N/A  
705    familycircled    0.0  00:01.62 2     1   91     4352K 0B    4016K 705   1     sleeping *0[253]      0.00000 0.00000    501 46009    129    2834      1324      30814     7753      16807     2781    14       0.0   0      0      40     manuelosalumbides      N/A    N/A   N/A   N/A   N/A   N/A  
703    CMFSyncAgent     0.0  00:00.14 2     1   48     2800K 0B    2528K 703   1     sleeping *0[21]       0.00000 0.00000    501 7238     102    312       203       2086      836       1181      173     0        0.0   0      0      40     manuelosalumbides      N/A    N/A   N/A   N/A   N/A   N/A  
702    NotificationCent 0.0  03:34.37 10    4   545    67M   0B    55M   702   1     sleeping *0[11039]    0.00000 0.00000    501 1005567  582    2971593   694654    1723740   6599819   2168196   32387   1882     0.0   0      0      100    manuelosalumbides      N/A    N/A   N/A   N/A   N/A   N/A  
699    nearbyd          0.0  00:08.02 4     2   88     4864K 0B    3840K 699   1     sleeping *0[18288]    0.00000 0.00000    268 55856    126    3976      8562      252477    15990     101465    2612    440      0.0   0      0      40     _nearbyd               N/A    N/A   N/A   N/A   N/A   N/A  
692    useractivityd    0.0  00:08.12 2     1   91     3728K 0B    1632K 692   1     sleeping *0[8949]     0.00000 0.00000    501 104719   108    9947      25525     289895    38635     121085    1782    170      0.0   0      0      40     manuelosalumbides      N/A    N/A   N/A   N/A   N/A   N/A  
685    oahd             0.0  00:00.56 2     1   34     1920K 0B    1696K 685   1     sleeping *0[1]        0.00000 0.00000    441 3414     88     459       238       10683     1004      1852      61      1        0.0   0      0      40     _oahd                  N/A    N/A   N/A   N/A   N/A   N/A  
683    sharingd         0.0  00:33.09 4     2   317    15M   0B    11M   683   1     sleeping *0[1]        0.00000 0.00000    501 234857   279    115080    86269     388358    773124    385733    18400   184      0.0   0      0      40     manuelosalumbides      N/A    N/A   N/A   N/A   N/A   N/A  
682    corespotlightd   0.0  04:03.58 3     1   310    24M   0B    15M   682   1     sleeping *5561[3]     0.00000 0.00000    501 3209817  366    524456    306106    8501994   882038    2807260   92239   99       0.0   0      0      40     manuelosalumbides      N/A    N/A   N/A   N/A   N/A   N/A  
679    fontworker       0.0  00:00.41 2     1   44     3856K 0B    3552K 679   1     sleeping *0[1]        0.00000 0.00000    501 2285     99     232       102       24645     491       3881      31      0        0.0   0      0      40     manuelosalumbides      N/A    N/A   N/A   N/A   N/A   N/A  
678    gamepolicyd      0.0  00:37.28 2     1   82     5264K 0B    2608K 678   1     sleeping *0[12114]    0.00000 0.00000    0   151291   123    95236     77795     1136282   193124    449335    3663    628      0.0   0      0      0      root                   N/A    N/A   N/A   N/A   N/A   N/A  
677    WallpaperAerials 0.0  00:03.40 2     1/1 76     7552K 0B    7248K 677   1     sleeping *0[1]        0.00000 0.00000    501 71028    160    5057      2333      287306    14199     33812     2034    56       0.0   0      0      0      manuelosalumbides      N/A    N/A   N/A   N/A   N/A   N/A  
676    WallpaperImageEx 0.0  00:01.50 2     1   85     37M   0B    36M   676   1     sleeping *0[1]        0.00000 0.00000    501 101291   185    4677      3497      13923     10810     19347     7474    3        0.0   0      0      40     manuelosalumbides      N/A    N/A   N/A   N/A   N/A   N/A  
672    chronod          0.0  00:28.17 2     1   206    17M   0B    17M   672   1     sleeping *0[1]        0.00000 0.00000    501 380832   351    60314     48025     534479    164546    213010    24763   189      0.0   0      0      40     manuelosalumbides      N/A    N/A   N/A   N/A   N/A   N/A  
666    audioaccessoryd  0.0  00:12.25 6     3   295    7056K 0B    4768K 666   1     sleeping *1[2]        0.00000 0.00000    501 169835   171    43321     56202     433927    173542    190389    6789    98       0.0   0      0      0      manuelosalumbides      N/A    N/A   N/A   N/A   N/A   N/A  
662    ContinuityCaptur 0.0  00:04.35 4     1   234    5184K 0B    4864K 662   1     sleeping *0[11808]    0.00000 0.00000    501 90865    137    52363     51868     194565    214234    108044    1989    29       0.0   0      0      40     manuelosalumbides      N/A    N/A   N/A   N/A   N/A   N/A  
658    suggestd         0.0  00:43.40 2     1   487    13M   0B    11M   658   1     sleeping *0[2034]     0.00000 0.00000    501 851799   259    142138    58222     799940    388082    430941    23822   92       0.0   0      0      0      manuelosalumbides      N/A    N/A   N/A   N/A   N/A   N/A  
656    AMPDeviceDiscove 0.0  00:00.63 4     2   247    3824K 0B    3536K 656   1     sleeping *0[2]        0.00000 0.00000    501 36025    133    1924      1473      17678     6978      15505     398     8        0.0   0      0      40     manuelosalumbides      N/A    N/A   N/A   N/A   N/A   N/A  
654    sharedfilelistd  0.0  00:02.92 2     1   89     5025K 0B    4592K 654   1     sleeping *0[1036]     0.00000 0.00000    501 84128    128    4138      3481      100665    10734     20659     1152    20       0.0   0      0      40     manuelosalumbides      N/A    N/A   N/A   N/A   N/A   N/A  
653    filecoordination 0.0  00:08.41 2     1   81     4544K 0B    4256K 653   1     sleeping *0[1]        0.00000 0.00000    0   111801   108    39038     31430     381768    87828     148710    1337    157      0.0   0      0      40     root                   N/A    N/A   N/A   N/A   N/A   N/A  
652    automountd       0.0  00:00.16 4     1   28     2272K 0B    1968K 652   1     sleeping *0[1]        0.00000 0.00000    0   2181     119    141       82        1949      306       1105      350     14       0.0   0      0      40     root                   N/A    N/A   N/A   N/A   N/A   N/A  
651    ViewBridgeAuxili 0.0  00:25.86 2     1   192    4400K 0B    1792K 651   1     sleeping *0[94793]    0.00000 0.00000    501 179652   113    363805    176933    787266    911425    329329    102     39       0.0   0      0      40     manuelosalumbides      N/A    N/A   N/A   N/A   N/A   N/A  
649    WallpaperAgent   0.0  00:12.32 3     1   192    14M   0B    12M   649   1     sleeping *0[2807]     0.00000 0.00000    501 222934   210    69269     23550     189348    189395    173480    9998    59       0.0   0      0      80     manuelosalumbides      N/A    N/A   N/A   N/A   N/A   N/A  
645    AccessibilityUIS 0.0  00:04.07 3     1   198    18M   0B    14M   645   1     sleeping *12[2]       0.00000 0.00000    501 156277   361    40044     14962     46082     99033     65015     3390    13       0.0   0      0      30     manuelosalumbides      N/A    N/A   N/A   N/A   N/A   N/A  
641    Finder           0.0  02:03.82 8     5   592    207M  0B    192M  641   1     sleeping *0[3984]     0.00000 0.00000    501 1305599  850    1110362   344280    1367030   2571800   844064    39817   892      0.0   0      0      100    manuelosalumbides      N/A    N/A   N/A   N/A   N/A   N/A  
640    SystemUIServer   0.0  00:03.38 3     1   190    8785K 0B    5728K 640   1     sleeping *0[2505]     0.00000 0.00000    501 124658   188    47134     18046     45223     104463    58570     1336    20       0.0   0      0      80     manuelosalumbides      N/A    N/A   N/A   N/A   N/A   N/A  
639    ControlCenter    0.0  05:04.43 7     3   758    59M   0B    43M   639   1     sleeping *0[29908]    0.00000 0.00000    501 1173023  625    2144336   684142    1819351   4107356   1541740   50063   1414     0.0   0      0      80     manuelosalumbides      N/A    N/A   N/A   N/A   N/A   N/A  
635    ctkd             0.0  00:00.13 2     1   30     2288K 0B    2032K 635   1     sleeping *0[9]        0.00000 0.00000    259 5577     94     477       373       2043      905       1716      82      0        0.0   0      0      40     _ctkd                  N/A    N/A   N/A   N/A   N/A   N/A  
630    cloudd           0.0  00:20.89 5     2   180    9648K 0B    6928K 630   1     sleeping *32[1]       0.00000 0.00000    501 209199   185    84751     39340     438562    142894    171724    13247   165      0.0   0      0      40     manuelosalumbides      N/A    N/A   N/A   N/A   N/A   N/A  
629    WiFiAgent        0.0  01:11.25 6     3   298    21M   0B    15M   629   1     sleeping *0[9508]     0.00000 0.00000    501 255122   541    309118    91018     747001    699086    517129    4380    369      0.0   0      0      40     manuelosalumbides      N/A    N/A   N/A   N/A   N/A   N/A  
627    accountsd        0.0  00:20.68 4     1   174    15M   0B    15M   627   1     sleeping *1[3782]     0.00000 0.00000    501 206906   312    61801     58963     528944    140078    136192    7656    121      0.0   0      0      0      manuelosalumbides      N/A    N/A   N/A   N/A   N/A   N/A  
626    identityservices 0.0  00:16.02 6     4   448    12M   0B    9744K 626   1     sleeping *0[1]        0.00000 0.00000    501 210983   237    20946     11599     251289    76085     104051    18774   77       0.0   0      0      40     manuelosalumbides      N/A    N/A   N/A   N/A   N/A   N/A  
621    usernotification 0.0  00:04.65 2     1   188    5616K 0B    5232K 621   1     sleeping *0[1410]     0.00000 0.00000    501 89963    147    22078     19532     111489    60825     35986     3404    11       0.0   0      0      40     manuelosalumbides      N/A    N/A   N/A   N/A   N/A   N/A  
619    routined         0.0  00:25.56 3     2   239    15M   256K  9872K 619   1     sleeping *0[233]      0.00000 0.00000    501 342770   223    20319     12462     371384    105607    194010    24569   105      0.0   0      0      0      manuelosalumbides      N/A    N/A   N/A   N/A   N/A   N/A  
618    usernoted        0.0  00:06.58 2     1   179    9264K 0B    8992K 618   1     sleeping *0[1]        0.00000 0.00000    501 144604   162    12935     13363     139187    31787     44861     8555    12       0.0   0      0      40     manuelosalumbides      N/A    N/A   N/A   N/A   N/A   N/A  
616    fontd            0.0  00:16.78 2     1   128    11M   0B    11M   616   1     sleeping *0[17251]    0.00000 0.00000    501 163645   102    27002     26045     277699    72058     115323    857     14       0.0   0      0      40     manuelosalumbides      N/A    N/A   N/A   N/A   N/A   N/A  
615    ContextStoreAgen 0.0  01:12.75 3     2   103    7184K 256K  1792K 615   1     sleeping *0[758]      0.00000 0.00000    501 372727   145    82687     54776     1509828   273229    657559    3025    116      0.0   0      0      0      manuelosalumbides      N/A    N/A   N/A   N/A   N/A   N/A  
614    rapportd         0.0  00:36.41 5     4   250    8337K 0B    6048K 614   1     sleeping *0[1]        0.00000 0.00000    501 136708   194    272630    135830    861605    798480    390451    8760    827      0.0   0      0      40     manuelosalumbides      N/A    N/A   N/A   N/A   N/A   N/A  
613    nsurlsessiond    0.0  00:13.70 4     1   116    6912K 0B    4416K 613   1     sleeping *0[3121]     0.00000 0.00000    501 156807   157    18181     13770     361891    57972     168666    1333    648      0.0   0      0      40     manuelosalumbides      N/A    N/A   N/A   N/A   N/A   N/A  
608    talagentd        0.0  00:42.94 2     1   150    8944K 0B    5872K 608   1     sleeping *0[2224]     0.00000 0.00000    501 519448   167    37040     20888     119644    91798     105691    1065    14       0.0   0      0      0      manuelosalumbides      N/A    N/A   N/A   N/A   N/A   N/A  
606    distnoted        0.0  00:02.85 2     1   29     1600K 0B    880K  606   1     sleeping *0[1]        0.00000 0.00000    55  31387    87     153       18926     210547    19174     50389     2       56       0.0   0      0      40     _appleevents           N/A    N/A   N/A   N/A   N/A   N/A  
599    lsd              0.0  00:13.62 2     1   478    6144K 0B    4080K 599   1     sleeping *0[25559]    0.00000 0.00000    501 277137   3865   89346     78236     773067    292448    138842    4130    65       0.0   0      0      40     manuelosalumbides      N/A    N/A   N/A   N/A   N/A   N/A  
598    containermanager 0.0  00:15.23 2     1   51     3840K 0B    3536K 598   1     sleeping *4[1]        0.00000 0.00000    501 148592   103    65199     42361     515720    88632     54478     2489    6        0.0   0      0      0      manuelosalumbides      N/A    N/A   N/A   N/A   N/A   N/A  
597    pboard           0.0  00:02.62 2     1   173    4016K 0B    3616K 597   1     sleeping *0[1]        0.00000 0.00000    501 82678    109    44362     43482     142636    98321     58128     539     21       0.0   0      0      40     manuelosalumbides      N/A    N/A   N/A   N/A   N/A   N/A  
594    universalaccessd 0.0  00:22.33 7     2   272    9744K 0B    7616K 594   1     sleeping *195[4]      0.00000 0.00000    501 148680   216    223209    89444     588723    627062    390589    2117    319      0.0   0      0      100    manuelosalumbides      N/A    N/A   N/A   N/A   N/A   N/A  
592    BiomeAgent       0.0  03:22.21 3     2   214    8000K 128K  2288K 592   1     sleeping *0[8536]     0.00000 0.00000    501 444027   201    326251    235935    6088955   777836    1081057   14230   119      0.0   0      0      0      manuelosalumbides      N/A    N/A   N/A   N/A   N/A   N/A  
587    WindowManager    0.0  05:26.37 4     1   343    19M   0B    9152K 587   1     sleeping *0[48543]    0.00000 0.00000    501 490510   206    985151    330932    1588579   3140598   1042928   3149    293      0.0   0      0      80     manuelosalumbides      N/A    N/A   N/A   N/A   N/A   N/A  
584    UserEventAgent   0.0  00:31.68 3     2   1417   8000K 0B    3632K 584   1     sleeping *0[1]        0.00000 0.00000    501 229209   181    157203    90924     547432    380146    241810    1552    168      0.0   0      0      150    manuelosalumbides      N/A    N/A   N/A   N/A   N/A   N/A  
578    secd             0.0  01:01.63 4     3   177    7040K 0B    4144K 578   1     sleeping *0[1]        0.00000 0.00000    501 227864   152    255804    173260    937803    382912    240461    5337    92       0.0   0      0      0      manuelosalumbides      N/A    N/A   N/A   N/A   N/A   N/A  
576    cfprefsd         0.0  01:17.36 3     2   440    4112K 48K   2112K 576   1     sleeping *0[108243]   0.00000 0.00000    501 216753   91     201327    202798    3075635   523815    467517    9       123      0.0   0      0      0      manuelosalumbides      N/A    N/A   N/A   N/A   N/A   N/A  
574    distnoted        0.0  01:05.22 2     1   1172   4256K 0B    1904K 574   1     sleeping *0[1]        0.00000 0.00000    501 91119    87     91100     190317    1377199   251707    457439    2       37       0.0   0      0      40     manuelosalumbides      N/A    N/A   N/A   N/A   N/A   N/A  
572    distnoted        0.0  00:02.87 2     1   29     1696K 0B    976K  572   1     sleeping *0[1]        0.00000 0.00000    89  30836    87     152       18922     210625    19165     51202     2       56       0.0   0      0      40     _spotlight             N/A    N/A   N/A   N/A   N/A   N/A  
571    coreauthd        0.0  00:01.80 2     1   78     4800K 0B    4480K 571   1     sleeping *0[581]      0.00000 0.00000    0   61704    149    30755     26832     47088     65321     25613     1329    4        0.0   0      0      40     root                   N/A    N/A   N/A   N/A   N/A   N/A  
562    distnoted        0.0  00:02.86 2     1   29     1696K 0B    976K  562   1     sleeping *0[1]        0.00000 0.00000    294 30829    87     152       18934     210258    19177     50091     2       56       0.0   0      0      40     _audiomxd              N/A    N/A   N/A   N/A   N/A   N/A  
560    mds_stores       0.0  08:55.16 3     1   165    61M   0B    41M   560   1     sleeping *0[1]        0.00000 0.00000    308 2997796  870    239986    279463    11794130  651832    2920417   106195  244      0.0   0      0      40     _mds_stores            N/A    N/A   N/A   N/A   N/A   N/A  
559    distnoted        0.0  00:02.93 2     1   30     1712K 0B    976K  559   1     sleeping *0[1]        0.00000 0.00000    200 31051    87     152       18939     210937    19187     50159     2       56       0.0   0      0      40     _softwareupdate        N/A    N/A   N/A   N/A   N/A   N/A  
557    searchpartyd     0.0  00:18.82 2     1   94     7393K 0B    4832K 557   1     sleeping *0[13118]    0.00000 0.00000    0   85965    174    17525     15905     431508    42157     132527    3545    51       0.0   0      0      40     root                   N/A    N/A   N/A   N/A   N/A   N/A  
552    suhelperd        0.0  00:01.07 2     1   65     12M   0B    11M   552   1     sleeping *0[852]      0.00000 0.00000    0   26706    120    20145     10920     34362     24075     9016      399     9        0.0   0      0      40     root                   N/A    N/A   N/A   N/A   N/A   N/A  
551    UVCAssistant     0.0  00:00.84 2     1   79     3840K 0B    3568K 551   1     sleeping *0[1]        0.00000 0.00000    262 27844    112    5839      3160      18338     12138     15402     556     4        0.0   0      0      40     _cmiodalassistants     N/A    N/A   N/A   N/A   N/A   N/A  
547    cameracaptured   0.0  00:00.24 2     1   66     3456K 0B    3200K 547   1     sleeping *0[1]        0.00000 0.00000    262 11353    113    1337      600       7628      3466      3285      375     3        0.0   0      0      140    _cmiodalassistants     N/A    N/A   N/A   N/A   N/A   N/A  
535    appleh13camerad  0.0  06:35.40 6     3   110    4400K 0B    3776K 535   1     sleeping *0[1]        0.00000 0.00000    262 41174    120    7320661   5047997   7561217   12361030  2206317   1298    1460     0.0   0      0      140    _cmiodalassistants     N/A    N/A   N/A   N/A   N/A   N/A  
533    com.apple.cmio.v 0.0  00:00.40 3     1   74     3392K 0B    3104K 533   1     sleeping *0[1]        0.00000 0.00000    262 16058    107    2007      1226      9174      5093      5099      487     8        0.0   0      0      40     _cmiodalassistants     N/A    N/A   N/A   N/A   N/A   N/A  
531    distnoted        0.0  00:02.92 2     1   29     1632K 0B    912K  531   1     sleeping *0[1]        0.00000 0.00000    205 30916    87     150       18938     210971    19181     50497     2       56       0.0   0      0      40     _locationd             N/A    N/A   N/A   N/A   N/A   N/A  
526    modelmanagerd    0.0  00:03.33 2     1   54     6720K 0B    6320K 526   1     sleeping *0[25]       0.00000 0.00000    301 50371    164    2488      1567      31739     6267      15856     5734    1        0.0   0      0      85     _modelmanagerd         N/A    N/A   N/A   N/A   N/A   N/A  
523    appleeventsd     0.0  00:01.64 2     1   271    2976K 0B    2720K 523   1     sleeping *0[967]      0.00000 0.00000    55  69820    96     19406     10647     105252    44154     26215     448     10       0.0   0      0      40     _appleevents           N/A    N/A   N/A   N/A   N/A   N/A  
514    distnoted        0.0  00:02.98 2     1   29     1632K 0B    944K  514   1     sleeping *0[1]        0.00000 0.00000    242 30954    87     153       18944     210956    19192     52269     2       56       0.0   0      0      40     _nsurlsessiond         N/A    N/A   N/A   N/A   N/A   N/A  
505    com.apple.AppleU 0.0  00:01.30 2     1   104    1008K 0B    816K  505   1     sleeping  0[1]        0.00000 0.00000    270 18446    60     13211     8754      22542     14443     7548      620     0        0.0   0      0      150    _driverkit             N/A    N/A   N/A   N/A   N/A   N/A  
502    com.apple.Driver 0.0  18:39.93 7     5   1408   30M   0B    5408K 502   1     sleeping  0[1]        0.00000 0.00000    270 1909065  63     5094614   6496363   22414135  22083098  21141964  7664    3587622  0.0   0      0      150    _driverkit             N/A    N/A   N/A   N/A   N/A   N/A  
500    distnoted        0.0  00:03.01 2     1   30     1712K 0B    992K  500   1     sleeping *0[1]        0.00000 0.00000    262 30956    87     153       18944     210537    19192     49846     2       56       0.0   0      0      40     _cmiodalassistants     N/A    N/A   N/A   N/A   N/A   N/A  
499    com.apple.Driver 0.0  00:00.30 2     1   66     816K  0B    672K  499   1     sleeping  0[1]        0.00000 0.00000    270 1471     60     4859      3199      3472      3358      10581     275     0        0.0   0      0      150    _driverkit             N/A    N/A   N/A   N/A   N/A   N/A  
490    mDNSResponderHel 0.0  00:03.86 3     1   45     2816K 0B    2384K 490   1     sleeping *0[1]        0.00000 0.00000    0   14318    99     146553    73271     80529     74867     80360     42      2151     0.0   0      0      40     root                   N/A    N/A   N/A   N/A   N/A   N/A  
489    audioclocksyncd  0.0  01:02.42 4     3   53     2928K 0B    1632K 489   1     sleeping *0[1]        0.00000 0.00000    0   16580    89     119880    605543    1645484   1174003   1131872   544     31       0.0   0      0      40     root                   N/A    N/A   N/A   N/A   N/A   N/A  
481    WirelessRadioMan 0.0  00:18.20 3     2   73     3904K 0B    2384K 481   1     sleeping *0[1]        0.00000 0.00000    0   98518    111    142785    91528     567850    250257    160260    1896    126      0.0   0      0      0      root                   N/A    N/A   N/A   N/A   N/A   N/A  
474    audiomxd         0.0  00:09.09 4     1   217    5168K 0B    4816K 474   1     sleeping *0[1]        0.00000 0.00000    294 130225   137    68755     77075     492627    274707    212492    4887    54       0.0   0      0      140    _audiomxd              N/A    N/A   N/A   N/A   N/A   N/A  
472    distnoted        0.0  00:03.41 2     1   29     1664K 0B    976K  472   1     sleeping *0[1]        0.00000 0.00000    0   34103    87     191       19022     215551    19356     51251     2       56       0.0   0      0      40     root                   N/A    N/A   N/A   N/A   N/A   N/A  
469    com.apple.audio. 0.0  00:00.27 5     1   53     2897K 0B    2496K 469   1     sleeping *0[9]        0.00000 0.00000    202 4460     101    1054      2531      2947      3766      6220      307     0        0.0   0      0      40     _coreaudiod            N/A    N/A   N/A   N/A   N/A   N/A  
468    authd            0.0  00:07.09 3     2   95     5121K 0B    4736K 468   1     sleeping *0[23878]    0.00000 0.00000    0   81554    132    36577     33292     371210    84001     94016     1737    20       0.0   0      0      40     root                   N/A    N/A   N/A   N/A   N/A   N/A  
466    symptomsd        0.0  01:41.76 5     4   158    7200K 0B    2848K 466   1     sleeping *0[30288]    0.00000 0.00000    24  186835   146    141402    86298     2458522   286931    791039    7865    542      0.0   0      0      140    _networkd              N/A    N/A   N/A   N/A   N/A   N/A  
461    syspolicyd       0.0  00:55.52 7     5   218    51M   384K  45M   461   1     sleeping *0[1]        0.00000 0.00000    0   289684   219    31537     26245     1452440   123276    350675    53292   191      0.0   0      0      40     root                   N/A    N/A   N/A   N/A   N/A   N/A  
455    mDNSResponder    0.0  02:02.88 6     4   108    6112K 0B    2512K 455   1     sleeping *0[1]        0.00000 0.00000    65  183916   151    277937    121342    4641342   423153    1378321   2322    8996     0.0   0      0      40     _mdnsresponder         N/A    N/A   N/A   N/A   N/A   N/A  
453    distnoted        0.0  00:03.31 2     1   29     1696K 0B    976K  453   1     sleeping *0[1]        0.00000 0.00000    202 30941    87     151       18940     211298    19183     52052     2       56       0.0   0      0      40     _coreaudiod            N/A    N/A   N/A   N/A   N/A   N/A  
450    distnoted        0.0  00:03.22 2     1   29     1680K 0B    976K  450   1     sleeping *0[1]        0.00000 0.00000    88  31040    87     153       18944     211290    19192     51274     2       56       0.0   0      0      40     _windowserver          N/A    N/A   N/A   N/A   N/A   N/A  
448    biomed           0.0  00:09.48 2     1   88     5488K 0B    5136K 448   1     sleeping *0[7992]     0.00000 0.00000    289 109286   154    30777     34610     287855    75112     55071     2047    27       0.0   0      0      0      _biome                 N/A    N/A   N/A   N/A   N/A   N/A  
443    airportd         0.0  11:20.53 9     7   391    14M   0B    6608K 443   1     sleeping *12[1]       0.00000 0.00000    0   2154050  192    7717535   3868796   23416255  8637155   6823356   18757   3399     0.0   0      0      40     root                   N/A    N/A   N/A   N/A   N/A   N/A  
432    eligibilityd     0.0  00:15.87 2     1   42     5120K 0B    4752K 432   1     sleeping *0[182]      0.00000 0.00000    0   58870    136    11149     3257      267158    60073     62717     4013    6        0.0   0      0      40     root                   N/A    N/A   N/A   N/A   N/A   N/A  
427    systemstatusd    0.0  00:07.47 3     2   67     4752K 0B    2624K 427   1     sleeping *0[1614]     0.00000 0.00000    0   87822    97     12089     4556      51105     17913     28829     375     31       0.0   0      0      0      root                   N/A    N/A   N/A   N/A   N/A   N/A  
425    socketfilterfw   0.0  00:00.04 2     1   45     2320K 0B    2096K 425   1     sleeping *0[16]       0.00000 0.00000    0   2491     95     223       120       949       569       633       55      0        0.0   0      0      40     root                   N/A    N/A   N/A   N/A   N/A   N/A  
416    lsd              0.0  00:15.22 2     1   124    5280K 0B    4912K 416   1     sleeping *0[1507]     0.00000 0.00000    0   121507   1474   7579      6296      109973    14465     72065     12950   11       0.0   0      0      40     root                   N/A    N/A   N/A   N/A   N/A   N/A  
414    analyticsd       0.0  00:27.28 3     2   522    6864K 128K  5824K 414   1     sleeping *1628[8]     0.00000 0.00000    263 244987   157    266354    141876    653864    392038    223126    2055    81       0.0   0      0      140    _analyticsd            N/A    N/A   N/A   N/A   N/A   N/A  
410    nsurlsessiond    0.0  00:26.76 7     4   98     6320K 0B    4336K 410   1     sleeping *0[813]      0.00000 0.00000    242 124788   155    100674    12910     802182    49409     284939    2365    565      0.0   0      0      40     _nsurlsessiond         N/A    N/A   N/A   N/A   N/A   N/A  
409    apfsd            0.0  00:15.72 2     1   78     3904K 0B    3632K 409   1     sleeping *0[1]        0.00000 0.00000    0   14367    112    21803     2480      1026699   36564     53282     181     0        0.0   0      0      40     root                   N/A    N/A   N/A   N/A   N/A   N/A  
407    coreaudiod       0.0  23:50.37 8     1   2211   22M   0B    20M   407   1     sleeping *0[1]        0.00000 0.00000    202 550074   240    2645760   1996393   16530075  8883584   7164014   24018   46061    0.0   0      0      120    _coreaudiod            N/A    N/A   N/A   N/A   N/A   N/A  
406    coreservicesd    0.0  00:03.59 4     3   393    9328K 0B    7552K 406   1     sleeping *0[1]        0.00000 0.00000    0   78853    89     189366    109296    157599    196897    46662     171     4        0.0   0      0      180    root                   N/A    N/A   N/A   N/A   N/A   N/A  
404    WindowServer     0.0  03:07:48 18    5   3521   448M  9072K 199M  404   1     sleeping *0[1]        0.00000 0.00000    88  17262641 53484  109613173 90666694  139059919 313039144 66289904  13351   359714   0.0   0      0      170    _windowserver          N/A    N/A   N/A   N/A   N/A   N/A  
403    runningboardd    0.0  06:02.65 2     1   667    9920K 0B    3792K 403   1     sleeping *4[1]        0.00000 0.00000    0   404275   117    722786    629017    9622006   1666572   2292419   1081    987      0.0   0      0      180    root                   N/A    N/A   N/A   N/A   N/A   N/A  
400    loginwindow      0.0  06:48.68 5     2   717    92M   0B    86M   400   1     sleeping *0[16865]    0.00000 0.00000    501 1801759  2698   4168639   1381809   3256026   11392940  3155633   41033   4016     0.0   0      0      160    manuelosalumbides      N/A    N/A   N/A   N/A   N/A   N/A  
399    cfprefsd         0.0  01:11.11 3     2   668    4080K 0B    1904K 399   1     sleeping *0[131966]   0.00000 0.00000    0   210252   90     131524    132809    2290050   319030    344255    14      122      0.0   0      0      40     root                   N/A    N/A   N/A   N/A   N/A   N/A  
398    tccd             0.0  00:39.51 2     1   64     6096K 0B    5904K 398   1     sleeping *0[3621]     0.00000 0.00000    0   207166   117    54985     45361     2676575   162031    197685    1904    30       0.0   0      0      0      root                   N/A    N/A   N/A   N/A   N/A   N/A  
395    com.apple.cmio.r 0.0  00:05.49 3     2   153    7472K 0B    6464K 395   1     sleeping *0[5383]     0.00000 0.00000    0   83770    208    29231     20826     184350    55459     84767     2320    389      0.0   0      0      40     root                   N/A    N/A   N/A   N/A   N/A   N/A  
394    AirPlayXPCHelper 0.0  00:03.54 4     1   79     4448K 0B    4144K 394   1     sleeping *0[1]        0.00000 0.00000    0   38049    137    9792      6485      103309    25488     36920     2878    16       0.0   0      0      40     root                   N/A    N/A   N/A   N/A   N/A   N/A  
393    corebrightnessd  0.0  02:04.93 7     6   159    4848K 0B    2336K 393   1     sleeping *0[1]        0.00000 0.00000    0   297109   130    352425    316812    4165203   745599    1032523   2572    1775     0.0   0      0      40     root                   N/A    N/A   N/A   N/A   N/A   N/A  
391    notifyd          0.0  00:51.52 2     1   727    3840K 0B    928K  391   1     sleeping *0[1]        0.00000 0.00000    0   87354    68     575056    778241    2966597   1412005   743254    24      4        0.0   0      0      200    root                   N/A    N/A   N/A   N/A   N/A   N/A  
390    bluetoothd       0.0  04:02.68 9     2   398    10M   256K  5376K 390   1     sleeping *0[1]        0.00000 0.00000    0   257508   188    284356    178025    9560108   644010    3448094   17912   705      0.0   0      0      40     root                   N/A    N/A   N/A   N/A   N/A   N/A  
386    KernelEventAgent 0.0  00:00.07 2     1   23     1568K 0B    1360K 386   1     sleeping *0[1]        0.00000 0.00000    0   1858     88     245       45        6648      325       838       44      0        0.0   0      0      40     root                   N/A    N/A   N/A   N/A   N/A   N/A  
385    revisiond        0.0  00:00.43 3     1   63     3632K 0B    3392K 385   1     sleeping *0[30]       0.00000 0.00000    0   10954    111    627       427       4443      1781      4328      848     0        0.0   0      0      40     root                   N/A    N/A   N/A   N/A   N/A   N/A  
384    logind           0.0  00:00.67 2     1   96     2544K 0B    2304K 384   1     sleeping *0[1]        0.00000 0.00000    0   44991    101    2066      2188      29630     5245      6274      688     8        0.0   0      0      90     root                   N/A    N/A   N/A   N/A   N/A   N/A  
380    distnoted        0.0  00:23.13 2     1   160    2224K 0B    1088K 380   1     sleeping *0[1]        0.00000 0.00000    241 53594    87     410741    61368     487668    473033    237680    9       56       0.0   0      0      40     _distnote              N/A    N/A   N/A   N/A   N/A   N/A  
378    corerepaird      0.0  00:00.23 2     1   36     4192K 0B    3872K 378   1     sleeping *0[1]        0.00000 0.00000    0   4773     105    1813      917       1910      1970      1197      448     1        0.0   0      0      40     root                   N/A    N/A   N/A   N/A   N/A   N/A  
377    dasd             0.0  02:55.61 3     2   630    11M   0B    3360K 377   1     sleeping *0[1]        0.00000 0.00000    0   364663   166    163967    114443    2436234   389734    762967    5299    405      0.0   0      0      140    root                   N/A    N/A   N/A   N/A   N/A   N/A  
376    autofsd          0.0  00:00.12 2     1   24     1616K 0B    1408K 376   1     sleeping *0[1]        0.00000 0.00000    0   1886     87     112       116       953       338       1112      85      0        0.0   0      0      40     root                   N/A    N/A   N/A   N/A   N/A   N/A  
373    locationd        0.0  03:16.54 6     3   301    10M   0B    4416K 373   1     sleeping *0[24218]    0.00000 0.00000    205 264400   183    216192    146888    2052741   684413    1045000   34033   2485     0.0   0      0      40     _locationd             N/A    N/A   N/A   N/A   N/A   N/A  
371    securityd        0.0  00:06.19 5     1   98     6720K 0B    5744K 371   1     sleeping *0[1]        0.00000 0.00000    0   93963    102    69549     1262      239321    378295    101525    1800    28       0.0   0      0      140    root                   N/A    N/A   N/A   N/A   N/A   N/A  
370    usbmuxd          0.0  00:00.63 3     1   44     3232K 0B    2960K 370   1     sleeping *0[1]        0.00000 0.00000    213 18302    113    1946      303       20197     13448     9646      1105    4        0.0   0      0      40     _usbmuxd               N/A    N/A   N/A   N/A   N/A   N/A  
369    timed            0.0  00:07.26 2     1   70     3536K 0B    3248K 369   1     sleeping *0[1]        0.00000 0.00000    266 42273    109    6304      4202      212349    9819      47670     1020    15       0.0   0      0      140    _timed                 N/A    N/A   N/A   N/A   N/A   N/A  
368    launchservicesd  0.0  00:56.64 2     1   578    6080K 0B    2656K 368   1     sleeping *165[170678] 0.00000 0.00000    0   230665   103    1200727   802809    2534957   1675391   802469    560     82       0.0   0      0      40     root                   N/A    N/A   N/A   N/A   N/A   N/A  
367    apsd             0.0  00:43.59 3     2   275    7921K 0B    4224K 367   1     sleeping *0[1]        0.00000 0.00000    0   222395   164    254176    67000     2505451   587660    485619    7611    257      0.0   0      0      40     root                   N/A    N/A   N/A   N/A   N/A   N/A  
366    opendirectoryd   0.0  01:44.71 7     6   1211   11M   0B    7264K 366   1     sleeping *0[1]        0.00000 0.00000    0   743281   130    290311    280736    5455189   629594    1588403   54727   142      0.0   0      0      90     root                   N/A    N/A   N/A   N/A   N/A   N/A  
365    xprotectd        0.0  00:09.65 2     1   70     9024K 0B    6000K 365   1     sleeping *0[1]        0.00000 0.00000    0   34986    114    17841     18298     24224     19493     23049     4983    9        0.0   0      0      40     root                   N/A    N/A   N/A   N/A   N/A   N/A  
364    contextstored    0.0  01:02.44 3     2   151    6672K 0B    3760K 364   1     sleeping *0[34022]    0.00000 0.00000    0   223625   139    278827    230516    2494151   598616    717574    4138    294      0.0   0      0      40     root                   N/A    N/A   N/A   N/A   N/A   N/A  
363    thermalmonitord  0.0  00:14.00 2     1   53     2624K 0B    1472K 363   1     sleeping *0[1]        0.00000 0.00000    0   26659    99     149352    74695     228819    515154    165477    234     1290     0.0   0      0      180    root                   N/A    N/A   N/A   N/A   N/A   N/A  
361    syslogd          0.0  00:13.94 3     2   60     2096K 0B    1872K 361   1     sleeping *0[13010]    0.00000 0.00000    0   77643    71     803       3231      1268006   116510    155410    239     45       0.0   0      0      140    root                   N/A    N/A   N/A   N/A   N/A   N/A  
357    diskarbitrationd 0.0  00:19.65 2     1   232    3456K 0B    1872K 357   1     sleeping *0[1]        0.00000 0.00000    0   242337   1122   254418    269868    1091691   755899    245867    334     4        0.0   0      0      180    root                   N/A    N/A   N/A   N/A   N/A   N/A  
356    kernelmanagerd   0.0  00:01.28 2     1   69     11M   0B    11M   356   1     sleeping *0[1]        0.00000 0.00000    0   37668    123    511       285       8817      1014      5489      1045    0        0.0   0      0      40     root                   N/A    N/A   N/A   N/A   N/A   N/A  
354    mds              0.0  04:16.97 6     3   445    36M   0B    29M   354   1     sleeping *0[1]        0.00000 0.00000    0   1494730  155    539270    271248    10645850  1209715   3119269   5075    11562    0.0   0      0      40     root                   N/A    N/A   N/A   N/A   N/A   N/A  
350    watchdogd        0.0  00:03.34 3     1   52     2128K 0B    1216K 350   1     sleeping *0[1]        0.00000 0.00000    0   37487    95     65740     33624     48161     215907    60699     91      204      0.0   0      0      210    root                   N/A    N/A   N/A   N/A   N/A   N/A  
348    corespeechd_syst 0.0  00:00.03 1     0   26     2000K 0B    1728K 348   1     sleeping *0[1]        0.00000 0.00000    306 705      97     110       45        414       204       125       64      0        0.0   0      0      40     _corespeechd           N/A    N/A   N/A   N/A   N/A   N/A  
344    remoted          0.0  00:00.35 2     1   95     2800K 0B    2528K 344   1     sleeping *0[1]        0.00000 0.00000    0   14294    104    1621      1330      7703      2706      2129      577     0        0.0   0      0      180    root                   N/A    N/A   N/A   N/A   N/A   N/A  
340    IOMFB_bics_daemo 0.0  00:00.02 2     1   157    1936K 0B    1696K 340   1     sleeping  0[0]        0.00000 0.00000    0   903      91     916       448       476       677       192       6       0        0.0   0      0      70     root                   N/A    N/A   N/A   N/A   N/A   N/A  
339    powerd           0.0  01:26.51 4     3   162    5376K 0B    2080K 339   1     sleeping *0[1]        0.00000 0.00000    0   464140   119    1030417   610129    2261287   1758972   805526    1187    252      0.0   0      0      180    root                   N/A    N/A   N/A   N/A   N/A   N/A  
337    configd          0.0  01:42.40 10    4   557    5952K 0B    4272K 337   1     sleeping *0[1]        0.00000 0.00000    0   832866   139    878240    537777    2593662   1810853   733222    3234    281      0.0   0      0      140    root                   N/A    N/A   N/A   N/A   N/A   N/A  
333    systemstats      0.0  00:41.48 2     1   102    4736K 0B    3280K 333   1     sleeping *1[2]        0.00000 0.00000    0   140323   112    58046     34071     13396499  75624     84649     4022    84       0.0   0      0      90     root                   N/A    N/A   N/A   N/A   N/A   N/A  
330    fseventsd        0.0  02:51.24 13    1   152    4752K 0B    2368K 330   1     sleeping *0[1]        0.00000 0.00000    0   335041   88     444924    178124    8651440   735365    1106677   55      13766    0.0   0      0      40     root                   N/A    N/A   N/A   N/A   N/A   N/A  
328    UserEventAgent   0.0  00:24.30 5     2   1028   6657K 0B    3184K 328   1     sleeping *0[1]        0.00000 0.00000    0   185367   164    216150    179974    466673    490329    237318    3472    107      0.0   0      0      180    root                   N/A    N/A   N/A   N/A   N/A   N/A  
326    logd             0.0  03:54.03 5     4   1271   22M   0B    26M   326   1     sleeping *0[1]        0.00000 0.00000    0   742265   91     1145961   1314909   7371675   1375902   2857888   139194  20       0.0   0      0      180    root                   N/A    N/A   N/A   N/A   N/A   N/A  
1      launchd          0.0  07:12.71 4     3   3708   22M   0B    9360K 1     0     sleeping  0[0]        0.00000 0.00000    0   680623   71     1029902   1011487   5788234   2892114   1478006   1928    141      0.0   0      0      999    root                   N/A    N/A   N/A   N/A   N/A   N/A  
0      kernel_task      0.0  01:50:26 537/8 0   0      16M   0B    0B    0     0     running   0[0]        0.00000 0.00000    0   91015    35     134845501 104034537 0         0         533678942 0       12404185 0.0   0      0      0      root                   N/A    N/A   N/A   N/A   N/A   N/A  
